type_id,kind_id,id,name,search_word,carbohydrate_per_100g,carbohydrate_per_weight,weight,weight_hint,calory,protein,fat,sodium,deleted_flg
1,1,1,アマランサス,,50.1,50.1,100,,358,12.7,6,1,FALSE
1,1,2,あわ,,63.1,63.1,100,,367,11.2,4.4,1,FALSE
1,1,3,えんばく(オートミール),,50.3,50.3,100,,380,13.7,5.7,1,FALSE
1,1,4,おおむぎ（七分つき押し麦),,51.5,51.5,100,,341,10.9,2.1,2,FALSE
1,1,5,小麦粉薄力粉,,70.8,70.8,100,,367,8.3,1.5,0,FALSE
1,1,6,小麦粉強力粉,,66.3,66.3,100,,365,11.8,1.5,0,FALSE
1,1,7,小麦粉プレミックス粉（ホットケーキ用）,,70.7,70.7,100,,365,7.8,4,3.9,FALSE
1,1,8,小麦粉プレミックス粉（天ぷら用）,,71.1,71.1,100,,351,8.8,1.3,2.1,FALSE
1,1,9,食パン（6枚切り1枚）,,44.3,26.6,60,,158,5.6,2.6,0.8,FALSE
1,1,10,コッペパン,,47.1,42.4,90,,239,7.7,3.4,1.2,FALSE
1,1,11,乾パン,,76,7.6,10,,39,1,0.4,0.1,FALSE
1,1,12,フランスパン,,54.8,32.9,60,,167,5.6,0.8,1,FALSE
1,1,13,ライ麦パン（6枚切り1枚）,,47.2,28.3,60,,158,5,1.3,0.7,FALSE
1,1,14,ぶどうパン,,49,14.7,30,,81,2.5,1.1,0.3,FALSE
1,1,15,ロールパン,,46.7,14,30,,95,3,2.7,0.4,FALSE
1,1,16,クロワッサン,,42,18.9,45,,202,3.6,12.1,0.5,FALSE
1,1,17,イングリッシュマフィン,,39.7,23.8,60,,137,4.9,2.2,0.7,FALSE
1,1,18,ナン,,45.6,36.5,80,,210,8.2,2.7,1,FALSE
1,1,19,ベーグル,,52.1,46.9,90,,248,8.6,1.8,1.1,FALSE
1,1,20,うどん（ゆで）,,20.8,62.4,300,,315,7.8,1.2,0.9,FALSE
1,1,21,干しうどん（ゆで）,,25.1,60.2,240,,302,7.4,1.2,1.2,FALSE
1,1,22,そうめん（ゆで）,,24.9,67.2,270,,343,9.5,1.1,0.5,FALSE
1,1,23,手延べそうめん（ゆで）,,24.5,71.1,290,,368,10.2,1.7,0.9,FALSE
1,1,24,中華めん（ゆで）,,27.9,53,190,,283,9.3,1.1,0.4,FALSE
1,1,25,蒸し中華めん,,36.5,62.1,170,,337,9,2.9,0.7,FALSE
1,1,26,即席中華めん（油揚げ）,,59,53.1,90,,412,9.1,17.2,5,FALSE
1,1,27,スパゲッティ（乾）,,71.2,71.2,100,,379,12.2,1.9,0,FALSE
1,1,28,生パスタ,,45.4,59,130,,321,10.1,2.5,1.6,FALSE
1,1,29,生ふ,,25.7,7.7,30,,49,3.8,0.2,0,FALSE
1,1,30,焼きふ,,54,2.7,5,,19,1.4,0.1,0,FALSE
1,1,31,ぎょうざの皮,,54.7,16.4,30,,87,2.8,0.4,0,FALSE
1,1,32,しゅうまいの皮,,56.8,14.2,25,,74,2.1,0.4,0,FALSE
1,1,33,ピザ生地,,48.8,48.8,100,,268,9.1,3,1.3,FALSE
1,1,34,ちくわぶ,,28.1,28.1,100,,171,7.1,1.2,1,FALSE
1,1,35,パン粉（生）,,45,4.5,10,,28,1.1,0.5,0.1,FALSE
1,1,36,パン粉（乾）,,59,5.9,10,,37,1.5,0.7,0.1,FALSE
1,1,37,もち米,,76.8,49.9,65,,233,4.2,0.8,0,FALSE
1,1,38,きりたんぽ,,45.9,32.1,70,,147,2.2,0.3,0,FALSE
1,1,39,玄米粉,,80.7,12.1,15,,59,1.1,0.4,0,FALSE
1,1,40,米粉,,80.7,12.1,15,,56,0.9,0.1,0,FALSE
1,1,41,米粉パン,,50.4,27.7,55,,140,1.9,1.7,0.5,FALSE
1,1,42,米粉めん,,57.6,40.3,70,,186,2.5,0.5,0.1,FALSE
1,1,43,ビーフン,,79.1,59.3,75,,283,5.3,1.2,0,FALSE
1,1,44,もち,,50.3,30.2,60,,140,2.4,0.4,0,FALSE
1,1,45,そば粉（全層粉）,,65.3,9.8,15,,54,1.8,0.5,0,FALSE
1,1,46,そば（ゆで）,,24,58.8,245,,323,11.8,2.5,0,FALSE
1,1,47,干しそば（ゆで）,,20.6,53.6,260,,296,12.5,1.8,0.3,FALSE
1,1,48,コーンフレーク,,81,8.1,10,,38,0.8,0.2,0.2,FALSE
1,1,49,ライ麦（全粒粉）,,57.3,8.6,15,,50,1.9,0.4,0,FALSE
1,1,50,雑穀（五穀）,,65,19.5,30,,107,3.8,0.8,0,FALSE
1,2,51,あずき（ゆで）,,12.5,2.5,20,,29,1.8,0.2,0,FALSE
1,2,52,こしあん,,20.5,4.1,20,,31,2,0.1,0,FALSE
1,2,53,つぶしあん,,48.5,9.7,20,,49,1.1,0.1,0,FALSE
1,2,54,いんげんまめ（ゆで）,,11.5,2.3,20,,29,1.7,0.2,0,FALSE
1,2,55,えんどう（ゆで）,,17.3,2.6,15,,22,1.4,0.2,0,FALSE
1,2,56,グリンピース（揚げ豆）,,40,2,5,,21,1,0.6,0,FALSE
1,2,57,そらまめ（フライビーンズ）,,31.3,4.7,15,,71,3.7,3.1,0.3,FALSE
1,2,58,だいず（ゆで）,,1.8,0.7,40,,70,5.9,3.9,0,FALSE
1,2,59,だいず（水煮缶詰）,,1,0.2,20,,28,2.6,1.3,0.1,FALSE
1,2,60,きな粉（全粒大豆）,,10,1,10,,45,3.7,2.6,0,FALSE
1,2,61,ダイズラボ大豆粉,,18.3,18.3,100,,457,36.9,21.7,0,FALSE
1,2,62,木綿豆腐,,1.2,4.8,400,,288,26.4,16.8,0.4,FALSE
1,2,63,絹ごし豆腐,,1.7,6.8,400,,224,19.6,12,0,FALSE
1,2,64,焼き豆腐,,0.5,1,200,,176,15.6,11.4,0,FALSE
1,2,65,生揚げ（厚揚げ）,,0.2,0.1,60,,90,6.4,6.8,0,FALSE
1,2,66,油揚げ,,0,0,45,,185,10.5,15.5,0,FALSE
1,2,67,がんもどき,,0.2,0.1,60,,137,9.2,10.7,0.3,FALSE
1,2,68,糸引き納豆,,5.4,2.7,50,,100,8.3,5,0,FALSE
1,2,69,ひきわり納豆,,4.6,2.3,50,,97,8.3,5,0,FALSE
1,2,70,おから（生）,,2.4,0.6,25,,28,1.5,0.9,0,FALSE
1,2,71,おから（乾）,,9,0.9,10,,42,2.3,1.4,0,FALSE
1,2,72,豆乳,,2.9,4.4,150,,69,5.4,3,0,FALSE
1,2,73,調整豆乳,,4.5,6.8,150,,96,4.8,5.4,0.2,FALSE
1,2,74,湯葉（生）,,3.3,2,60,,139,13.1,8.2,0,FALSE
1,2,75,テンペ,,5.3,4.2,80,,162,12.6,7.2,0,FALSE
1,2,76,ひよこ豆（ゆで）,,16,1.6,10,,17,1,0.3,0,FALSE
1,2,77,アーモンド（乾）,,11,1.1,10,,59,2,5.2,0,FALSE
1,2,78,アーモンド（フライ味付け）,,10,1,10,,61,1.9,5.4,0,FALSE
1,2,79,カシューナッツ（フライ味付け）,,20,2,10,,58,2,4.8,0.1,FALSE
1,2,80,かぼちゃの種（いり味付け）,,5,0.5,10,,57,2.7,5.2,0,FALSE
1,2,81,ぎんなん,,25,2.5,10,,13,0.4,0.1,0,FALSE
1,2,82,栗,,22.7,3.4,15,,17,0.3,0.1,0,FALSE
1,2,83,くるみ（いり）,,4,0.4,10,,67,1.5,6.9,0,FALSE
1,2,84,ごま（いり）,,6,0.6,10,,60,2,5.4,0,FALSE
1,2,85,ヘーゼルナッツ（フライ味付け）,,6,0.3,5,,34,0.7,3.5,0,FALSE
1,2,86,マカダミアナッツ（いり味付け）,,6,1.2,20,,144,1.7,15.3,0.1,FALSE
1,2,87,松の実,,7,0.7,10,,67,1.6,6.8,0,FALSE
1,2,88,落花生（乾）,,8,2.8,35,,138,6.2,11.6,0,FALSE
1,2,89,バターピーナッツ,,11,1.1,10,,59,2.6,5.1,0,FALSE
1,2,90,あおさ,,15,0.3,2,,3,0.4,0,0.2,FALSE
1,2,91,あおのり（素干し）,,0,0,0.5,,1,0.1,0,0,FALSE
1,2,92,焼きのり,,6.7,0.2,3,,6,1.2,0.1,0,FALSE
1,2,93,味付けのり,,25,0.1,0.4,,1,0.2,0,0,FALSE
1,2,94,昆布（素干し）,,34,3.4,10,,15,0.8,0.1,0.7,FALSE
1,2,95,削り昆布,,22,2.2,10,,12,0.7,0.1,0.5,FALSE
1,2,96,塩昆布,,24,1.2,5,,6,0.8,0,0.9,FALSE
1,2,97,ところてん,,0,0,170,,3,0.3,0,0,FALSE
1,2,98,干しひじき（乾）,,6,0.3,5,,7,0.5,0.2,0.2,FALSE
1,2,99,のりのつくだ煮,,17,1.7,10,,15,1.4,0.1,0.6,FALSE
1,2,100,もずく（塩蔵塩抜き）,,0,0,50,,2,0.1,0.1,0.1,FALSE
1,2,101,わかめ,,1.4,0.7,50,,5,0.6,0.1,0.5,FALSE
1,2,102,乾燥わかめ,,8,0.4,5,,6,0.7,0.1,0.8,FALSE
1,2,103,カットわかめ,,6,0.3,5,,7,0.9,0.2,1.2,FALSE
1,2,104,茎わかめ,,0,0,10,,2,0.1,0,0.8,FALSE
1,2,105,めかぶわかめ,,0,0,50,,6,0.5,0.3,0.2,FALSE
1,3,106,きくいも,,10,1,10,,3,0.2,0,0,FALSE
1,3,107,板こんにゃく,,0.2,0.1,50,,3,0.1,0,0,FALSE
1,3,108,しらたき,,0,0,45,,3,0.1,0,0,FALSE
1,3,109,さつまいも,,27,18.9,70,,85,0.8,0.1,0,FALSE
1,3,110,さといも,,9.2,6.9,75,,37,1,0.1,0,FALSE
1,3,111,じゃがいも,,14.6,16.1,110,,75,1.6,0.1,0,FALSE
1,3,112,ながいも,,11.6,20.9,180,,105,3.6,0.5,0,FALSE
1,3,113,くずきり（乾）,,86.7,26,30,,107,0.1,0.1,0,FALSE
1,3,114,タピオカ（ゆで）,,15,3,20,,12,0,0,0,FALSE
1,3,115,はるさめ（乾）,,85.3,25.6,30,,105,0,0.1,0,FALSE
1,3,116,アーティチョーク,,0.6,1.7,265,,32,1.5,0.1,0,FALSE
1,3,117,あさつき,,2.3,0.7,30,,10,1.3,0.1,0,FALSE
1,3,118,あしたば,,1,0.4,40,,13,1.3,0,0,FALSE
1,3,119,グリーンアスパラガス,,2,0.3,15,,3,0.3,0,0,FALSE
1,3,120,ホワイトアスパラガス（水煮缶詰）,,2.5,0.5,20,,4,0.5,0,0,FALSE
1,3,121,さやいんげん,,2.5,0.5,20,,4,0.3,0,0,FALSE
1,3,122,うど,,1.9,3.6,190,,22,1,0.1,0,FALSE
1,3,123,えだまめ,,2,1,50,,37,3.2,1.7,0,FALSE
1,3,124,豆苗,,1,0.5,50,,12,1.9,0.2,0,FALSE
1,3,125,さやえんどう,,4,0.8,20,,7,0.6,0,0,FALSE
1,3,126,スナップえんどう,,7,2.1,30,,12,0.8,0,0,FALSE
1,3,127,グリンピース,,8,0.4,5,,5,0.3,0,0,FALSE
1,3,128,グリンピース（水煮缶詰）,,13,1.3,10,,10,0.4,0,0,FALSE
1,3,129,おかひじき,,0.7,0.1,15,,3,0.2,0,0,FALSE
1,3,130,オクラ,,1.3,0.4,30,,8,0.5,0.1,0,FALSE
1,3,131,かぶ（葉）,,0.7,1,140,,20,2.3,0.1,0,FALSE
1,3,132,かぶ（根）,,2.8,2.4,85,,15,0.5,0.1,0,FALSE
1,3,133,かぼちゃ,,17.2,10.3,60,,55,1.1,0.2,0,FALSE
1,3,134,からしな,,1,0.3,30,,8,1,0,0,FALSE
1,3,135,カリフラワー,,2.3,1.6,70,,19,2.1,0.1,0,FALSE
1,3,136,かんぴょう（乾）,,38,9.5,25,,65,1.6,0.1,0,FALSE
1,3,137,キャベツ,,3.3,1,30,,7,0.4,0.1,0,FALSE
1,3,138,レッドキャベツ,,3.5,9.3,265,,72,4.8,0.2,0,FALSE
1,3,139,きゅうり,,1.8,2.2,120,,16,1.2,0.1,0,FALSE
1,3,140,きゅうりピクルス,,16,0.8,5,,3,0,0,0,FALSE
1,3,141,クレソン,,0,0,5,,1,0.1,0,0,FALSE
1,3,142,くわい,,19.5,3.9,20,,20,1,0,0,FALSE
1,3,143,ケール,,2,0.2,10,,3,0.2,0,0,FALSE
1,3,144,こごみ,,0,0,25,,7,0.8,0.1,0,FALSE
1,3,145,ごぼう,,10,1,10,,7,0.2,0,0,FALSE
1,3,146,こまつな,,0.4,0.4,100,,12,1.3,0.2,0,FALSE
1,3,147,ザーサイ,,0,0,20,,5,0.5,0,0,FALSE
1,3,148,ししとう,,2,0.2,10,,2,0.2,0,0,FALSE
1,3,149,しそ（葉）,,0,0,1,,0,0,0,0,FALSE
1,3,150,しそ（実）,,0,0,2,,1,0.1,0,0,FALSE
1,3,151,春菊,,0.6,0.2,35,,8,0.8,0.1,0,FALSE
1,3,152,じゅんさい（水煮びん詰め）,,0,0,20,,1,0.1,0,0,FALSE
1,3,153,葉しょうが,,3.5,3,85,,6,0.3,0.1,0,FALSE
1,3,154,しょうが,,3.3,0.1,3,,1,0,0,0,FALSE
1,3,155,しょうが酢漬け,,1.3,0.2,15,,3,0,0.1,0.5,FALSE
1,3,156,しょうが甘酢漬け,,10.7,1.6,15,,8,0,0,0.2,FALSE
1,3,157,しろうり,,2.2,1.1,50,,8,0.5,0.1,0,FALSE
1,3,158,干しずいき（乾）,,37.8,15.1,40,,98,2.6,0.2,0,FALSE
1,3,159,ズッキーニ,,1.4,0.5,35,,5,0.5,0,0,FALSE
1,3,160,せり,,0.5,0.2,40,,5,0.6,0,0,FALSE
1,3,161,セロリー,,1.3,1.6,120,,12,0.3,0.1,0,FALSE
1,3,162,干しぜんまい（ゆで）,,1.7,0.5,30,,9,0.5,0,0,FALSE
1,3,163,そらまめ,,12.8,3.2,25,,27,2.7,0.1,0,FALSE
1,3,164,タアサイ,,0.3,0.2,60,,7,0.7,0.1,0,FALSE
1,3,165,かいわれだいこん,,1,0.1,10,,2,0.2,0.1,0,FALSE
1,3,166,だいこん（葉）,,0.3,0.2,80,,18,1.6,0.1,0,FALSE
1,3,167,だいこん（根）,,2.4,2.9,120,,19,0.5,0.1,0,FALSE
1,3,168,切り干しだいこん,,48,4.8,10,,30,1,0.1,0,FALSE
1,3,169,福神漬け,,29,2.9,10,,14,0.3,0,0.5,FALSE
1,3,170,たけのこ,,0.8,2.1,275,,36,5,0.3,0,FALSE
1,3,171,たまねぎ,,6.8,13.5,200,,70,1.9,0.2,0,FALSE
1,3,172,赤たまねぎ,,6.7,12.1,180,,63,1.5,0.2,0,FALSE
1,3,173,たらのめ,,0,0,10,,2,0.3,0,0,FALSE
1,3,174,チコリ,,2.4,3.1,130,,18,1.1,0,0,FALSE
1,3,175,チンゲンサイ,,0.7,1.1,160,,12,0.8,0.1,0,FALSE
1,3,176,つるむらさき,,0.4,0.4,90,,12,0.6,0.2,0,FALSE
1,3,177,とうがらし,,0.5,0.2,40,,6,0.5,0,0,FALSE
1,3,178,とうがらし（乾）,,13.3,0.4,3,,10,0.4,0.4,0,FALSE
1,3,179,とうがん,,2.6,1.8,70,,11,0.4,0.1,0,FALSE
1,3,180,とうもろこし,,6.9,16.6,240,,110,4.3,2,0,FALSE
1,3,181,とうもろこし（クリーム缶詰）,,16.8,4.2,25,,21,0.4,0.1,0,FALSE
1,3,182,とうもろこし（ホール缶詰）,,14.4,3.6,25,,21,0.6,0.1,0,FALSE
1,3,183,トマト,,3.6,7.9,220,,41,1.5,0.2,0,FALSE
1,3,184,ミニトマト,,5.6,1.4,25,,7,0.3,0,0,FALSE
1,3,185,トマト（ホール缶詰）,,3.1,2.8,90,,18,0.8,0.2,0.5,FALSE
1,3,186,トレビス,,1.5,5.3,350,,50,3.1,0.6,0,FALSE
1,3,187,なす,,2.6,3.4,130,,26,1.3,0.1,0,FALSE
1,3,188,べいなす,,2,6.1,300,,46,2.3,0.2,0,FALSE
1,3,189,なばな,,1.3,0.4,30,,9,1.1,0.1,0,FALSE
1,3,190,にがうり,,1.5,0.3,20,,3,0.2,0,0,FALSE
1,3,191,にら,,1.3,0.4,30,,6,0.5,0.1,0,FALSE
1,3,192,葉にんじん,,1,0.3,30,,5,0.3,0.1,0,FALSE
1,3,193,にんじん,,6.3,1.9,30,,11,0.2,0,0,FALSE
1,3,194,にんにく,,21,2.1,10,,14,0.6,0.1,0,FALSE
1,3,195,茎にんにく,,6.7,3.7,55,,25,1,0.2,0,FALSE
1,3,196,長ねぎ,,5.8,2.3,40,,14,0.6,0,0,FALSE
1,3,197,葉ねぎ,,4,0.2,5,,2,0.1,0,0,FALSE
1,3,198,はくさい,,2,1,50,,7,0.4,0.1,0,FALSE
1,3,199,キムチ,,5,1,20,,9,0.6,0.1,0,FALSE
1,3,200,バジル,,0,0,10,,2,0.2,0,0,FALSE
1,3,201,パセリ,,0,0,2,,1,0.1,0,0,FALSE
1,3,202,はつかだいこん,,1,0.1,10,,1,0.1,0,0,FALSE
1,3,203,ビーツ,,6.7,4,60,,25,1,0.1,0,FALSE
1,3,204,青ピーマン,,2.4,1.1,45,,8,0.3,0.1,0,FALSE
1,3,205,赤ピーマン,,5,7.3,145,,39,1.3,0.3,0,FALSE
1,3,206,黃ピーマン,,4.7,6.4,135,,33,1,0.2,0,FALSE
1,3,207,ふきのとう,,3.5,1.4,40,,17,1,0,0,FALSE
1,3,208,ふだんそう（スイスチャード）,,0,0,10,,2,0.2,0,0,FALSE
1,3,209,ブロッコリー,,0.8,0.4,50,,17,2.2,0.3,0,FALSE
1,3,210,ブロッコリースプラウト,,1,0.1,10,,2,0.2,0.1,0,FALSE
1,3,211,ほうれんそう,,0.2,0.1,50,,9,1,0.2,0,FALSE
1,3,212,ホースラディッシュ,,7.1,15.7,220,,130,5.1,0.5,0,FALSE
1,3,213,みずな,,1.6,0.7,45,,9,0.8,0,0,FALSE
1,3,214,切りみつば,,0,0,1,,0,0,0,0,FALSE
1,3,215,糸みつば,,0,0,1,,0,0,0,0,FALSE
1,3,216,みょうが,,0.5,0.1,20,,2,0.2,0,0,FALSE
1,3,217,めキャベツ,,4.4,2.4,55,,28,3.1,0.1,0,FALSE
1,3,218,だいずもやし,,0,0,50,,18,1.8,0.7,0,FALSE
1,3,219,りょくとうもやし,,1.2,0.6,50,,7,0.8,0,0,FALSE
1,3,220,モロヘイヤ,,0.4,0.1,25,,10,1.2,0.1,0,FALSE
1,3,221,ゆりね,,20.6,28.9,140,,158,4.8,0.1,0,FALSE
1,3,222,らっきょう甘酢漬け,,25.6,6.4,25,,29,0.2,0.1,0.5,FALSE
1,3,223,エシャレット,,3.9,2.9,75,,34,1,0.1,0,FALSE
1,3,224,ルッコラ,,0,0,10,,2,0.2,0,0,FALSE
1,3,225,レタス,,1.7,0.5,30,,4,0.2,0,0,FALSE
1,3,226,サラダな,,1,0.2,20,,3,0.2,0,0,FALSE
1,3,227,リーフレタス,,1.3,3.4,260,,39,1.4,0.2,0,FALSE
1,3,228,サニーレタス,,1.3,0.7,55,,9,0.7,0.1,0,FALSE
1,3,229,サンチュ,,0,0,5,,1,0.1,0,0,FALSE
1,3,230,ロメインレタス,,1.5,0.3,20,,3,0.2,0,0,FALSE
1,3,231,れんこん,,13.6,3.4,25,,17,0.5,0,0,FALSE
1,3,232,わけぎ,,4.3,2.6,60,,17,0.9,0,0,FALSE
1,3,233,わさび,,9.8,7.8,80,,49,3.1,0.1,0.2,FALSE
1,3,234,えのきたけ,,3.1,3.1,100,,19,2.3,0.2,0,FALSE
1,3,235,えのきたけ（味付けびん詰）,,12.8,3.2,25,,21,0.9,0.1,0.9,FALSE
1,3,236,きくらげ（乾）,,14,2.1,15,,25,1.2,0.3,0,FALSE
1,3,237,しいたけ,,1.3,0.2,15,,2,0.4,0,0,FALSE
1,3,238,しいたけ（乾）,,18,0.9,5,,7,0.8,0.1,0,FALSE
1,3,239,ぶなしめじ,,1.5,0.3,20,,4,0.5,0.1,0,FALSE
1,3,240,なめこ,,2,0.4,20,,3,0.3,0,0,FALSE
1,3,241,エリンギ,,2.3,0.7,30,,5,0.8,0.1,0,FALSE
1,3,242,ひらたけ,,3.3,3,90,,17,2.7,0.2,0,FALSE
1,3,243,まいたけ,,0.7,0.1,15,,5,0.8,0.1,0,FALSE
1,3,244,マッシュルーム,,0,0,10,,1,0.3,0,0,FALSE
1,3,245,マッシュルーム（水煮缶詰）,,0,0,20,,3,0.7,0,0,FALSE
1,3,246,まつたけ,,3.5,1.4,40,,9,0.8,0.2,0,FALSE
1,4,247,アボカド,,0.6,1.5,235,,308,4.1,30.8,0,FALSE
1,4,248,あんず（乾）,,60,3,5,,14,0.5,0,0,FALSE
1,4,249,いちご,,7,3.5,50,,17,0.4,0,0,FALSE
1,4,250,いちじく,,10.5,10.5,100,,46,0.5,0.1,0,FALSE
1,4,251,いちじく（乾）,,64.7,19.4,30,,87,0.9,0.3,0,FALSE
1,4,252,梅干し（塩漬け）,,5.3,0.8,15,,4,0.1,0,3.3,FALSE
1,4,253,グリーンオリーブ（塩漬け）,,0.7,0.1,15,,16,0.1,1.7,0.2,FALSE
1,4,254,かき,,13,33.8,260,,142,0.9,0.5,0,FALSE
1,4,255,干しがき,,52.7,15.8,30,,76,0.4,0.5,0,FALSE
1,4,256,いよかん,,6.4,14.8,230,,63,1.2,0.1,0,FALSE
1,4,257,うんしゅうみかん,,8.8,8.8,100,,37,0.6,0.1,0,FALSE
1,4,258,うんしゅうみかん（缶詰）,,14.8,9.6,65,,42,0.3,0.1,0,FALSE
1,4,259,ネーブルオレンジ,,7,19.7,280,,84,1.6,0.2,0,FALSE
1,4,260,バレンシアオレンジ,,5.4,16.2,300,,70,1.8,0.2,0,FALSE
1,4,261,きんかん,,12,2.4,20,,13,0.1,0.1,0,FALSE
1,4,262,グレープフルーツ,,6.3,12.9,205,,55,1.3,0.1,0,FALSE
1,4,263,すだち（果汁）,,6,0.3,5,,1,0,0,0,FALSE
1,4,264,はっさく,,6.5,21.5,330,,97,1.7,0.2,0,FALSE
1,4,265,ゆず（果汁）,,6,0.3,5,,1,0,0,0,FALSE
1,4,266,レモン,,7.4,4.8,65,,34,0.6,0.4,0,FALSE
1,4,267,レモン（果汁）,,8,0.4,5,,1,0,0,0,FALSE
1,4,268,キウイフルーツ（緑肉種）,,9.3,4.2,45,,20,0.4,0,0,FALSE
1,4,269,キウイフルーツ（黄肉種）,,10.9,4.9,45,,21,0.4,0.1,0,FALSE
1,4,270,ナタデココ,,19.7,5.9,30,,22,0,0,0,FALSE
1,4,271,さくらんぼ,,12.8,3.2,25,,14,0.2,0,0,FALSE
1,4,272,ダークチェリー,,14.2,7.1,50,,30,0.5,0,0,FALSE
1,4,273,さくらんぼ（缶詰）,,14.3,1,7,,4,0,0,0,FALSE
1,4,274,すいか,,5.5,8.3,150,,33,0.5,0.1,0,FALSE
1,4,275,プルーン（乾）,,55.3,22.1,40,,94,1,0.1,0,FALSE
1,4,276,なし,,10.5,4.2,40,,17,0.1,0,0,FALSE
1,4,277,洋なし,,10.6,26.6,250,,115,0.6,0.2,0,FALSE
1,4,278,パインアップル,,12,3.6,30,,15,0.2,0,0,FALSE
1,4,279,パインアップル（缶詰）,,19.8,15.8,80,,67,0.3,0.1,0,FALSE
1,4,280,バナナ,,12.8,28.2,220,,114,1.5,0.3,0,FALSE
1,4,281,バナナ（乾）,,71.3,10.7,15,,45,0.6,0.1,0,FALSE
1,4,282,パパイア,,4.7,13,275,,68,0.9,0.4,0,FALSE
1,4,283,びわ,,6.3,2.5,40,,11,0.1,0,0,FALSE
1,4,284,ぶどう,,12.9,18.1,140,,70,0.5,0.1,0,FALSE
1,4,285,干しぶどう,,77,7.7,10,,30,0.3,0,0,FALSE
1,4,286,ブルーベリー,,9.6,4.3,45,,22,0.2,0,0,FALSE
1,4,287,マンゴー,,10.2,10.7,105,,44,0.4,0.1,0,FALSE
1,4,288,メロン,,4.9,7.4,150,,32,0.8,0.1,0,FALSE
1,4,289,もも,,7.6,21.2,280,,95,1.4,0.2,0,FALSE
1,4,290,もも（缶詰）,,19.2,26.9,140,,119,0.7,0.1,0,FALSE
1,4,291,ライチー,,11,2.2,20,,9,0.1,0,0,FALSE
1,4,292,りんご,,14,4.2,30,,17,0,0.1,0,FALSE
1,5,293,あじ（まあじ）,,0,0,90,,51,8,1.8,0.1,FALSE
1,5,294,あじ（まあじ開き干し）,,0.1,0.1,90,,98,11.8,5.1,1,FALSE
1,5,295,あゆ,,0.3,0.3,90,,68,8,3.6,0,FALSE
1,5,296,あんこう きも,,2,0.2,10,,45,1,4.2,0,FALSE
1,5,297,いわし（まいわし）,,0.1,0.1,150,,101,11.5,5.5,0.1,FALSE
1,5,298,めざし,,0.3,0.1,30,,66,4.6,4.8,0.7,FALSE
1,5,299,しらす干し,,0.7,0.1,15,,31,6.1,0.5,1,FALSE
1,5,300,アンチョビ,,0.2,0.1,50,,79,12.1,3.4,6.6,FALSE
1,5,301,うなぎ きも,,4,0.4,10,,12,1.3,0.5,0,FALSE
1,5,302,うなぎ 白焼き,,0.1,0.2,160,,530,33.1,41.3,0.5,FALSE
1,5,303,うなぎ かば焼き,,3.1,3.1,100,,293,23,21,1.3,FALSE
1,5,304,かつお,,0.2,0.7,360,,594,90,22.3,0.4,FALSE
1,5,305,かつお削り節,,0,0,3,,11,2.3,0.1,0,FALSE
1,5,306,かます,,0.1,0.1,150,,133,17,6.5,0.3,FALSE
1,5,307,かれい（子持ちがれい）,,0.1,0.1,200,,172,23.9,7.4,0.2,FALSE
1,5,308,かんぱち,,0.2,0.1,60,,77,12.6,2.5,0.1,FALSE
1,5,309,きす,,0,0,110,,40,9.2,0.1,0.1,FALSE
1,5,310,きんめだい,,0,0,115,,74,8.2,4.1,0,FALSE
1,5,311,イクラ,,0,0,10,,27,3.3,1.6,0.2,FALSE
1,5,312,すじこ,,0.9,0.8,90,,254,27.5,15.7,4.3,FALSE
1,5,313,さけ（べにざけ）,,0.2,0.1,65,,90,14.6,2.9,0.1,FALSE
1,5,314,さば（まさば）,,0.3,0.3,100,,247,20.6,16.8,0.3,FALSE
1,5,315,しめさば,,1.7,0.5,30,,102,5.6,8.1,0.5,FALSE
1,5,316,さわら,,0.1,0.1,90,,159,18.1,8.7,0.2,FALSE
1,5,317,さんま,,0.1,0.1,130,,251,14.9,19.9,0.3,FALSE
1,5,318,さんま（開き干し）,,0.1,0.1,100,,183,13.5,13.3,0.9,FALSE
1,5,319,さんま（みりん干し）,,17.4,13.9,80,,278,16.3,17.5,2.4,FALSE
1,5,320,ししゃも（生干し）,,0,0,15,,22,2.8,1.1,0.2,FALSE
1,5,321,すずき,,0,0,700,,387,62.4,13.2,0.6,FALSE
1,5,322,たい（まだい）,,0.1,0.1,75,,133,15.7,7.1,0.1,FALSE
1,5,323,たちうお,,0,0,80,,138,8.6,10.9,0.1,FALSE
1,5,324,たらこ,,0.4,0.2,45,,63,10.8,2.1,2.1,FALSE
1,5,325,からしめんたいこ,,3.1,1.1,35,,44,7.4,1.2,2,FALSE
1,5,326,たら（まだら）,,0.1,0.1,90,,69,15.8,0.2,0.3,FALSE
1,5,327,かずのこ（塩蔵 水戻し）,,0.6,0.1,18,,16,2.7,0.5,0.2,FALSE
1,5,328,はたはた（生干し）,,0,0,45,,38,3.8,2.3,0.3,FALSE
1,5,329,ひらめ,,0,0,150,,113,19.4,3.3,0.1,FALSE
1,5,330,ぶり,,0.3,0.2,75,,193,16.1,13.2,0.1,FALSE
1,5,331,ほっけ（開き干し）,,0.1,0.2,250,,286,33.5,15.3,2.9,FALSE
1,5,332,まぐろ（きはだ）,,0,0,210,,223,51,0.8,0.2,FALSE
1,5,333,むつ,,0,0,165,,156,13.8,10.4,0.2,FALSE
1,5,334,あかがい,,3.6,0.9,25,,19,3.4,0.1,0.2,FALSE
1,5,335,あさり,,0.1,0.1,90,,11,2.2,0.1,0.8,FALSE
1,5,336,あわび,,1.8,2.2,120,,39,6.9,0.2,0.4,FALSE
1,5,337,かき,,4.5,0.9,20,,12,1.3,0.3,0.3,FALSE
1,5,338,さざえ,,0.9,0.4,45,,40,8.7,0.2,0.3,FALSE
1,5,339,しじみ,,1,0.2,20,,3,0.4,0.1,0,FALSE
1,5,340,はまぐり,,0.7,0.7,100,,16,2.4,0.2,0.8,FALSE
1,5,341,ほたてがい,,0.8,1.7,220,,79,14.9,1,0.9,FALSE
1,5,342,ほたて貝柱,,3.6,1.8,50,,44,8.5,0.2,0.2,FALSE
1,5,343,ほたて貝柱（煮干し）,,7.6,1.9,25,,81,16.4,0.4,1.6,FALSE
1,5,344,あまえび,,0,0,10,,9,2,0,0.1,FALSE
1,5,345,くるまえび,,0,0,25,,11,2.4,0.1,0,FALSE
1,5,346,さくらえび（素干し）,,0,0,5,,16,3.2,0.2,0.2,FALSE
1,5,347,ブラックタイガー,,0.3,0.2,60,,42,9.4,0.2,0.2,FALSE
1,6,348,牛かた,,0.4,0.7,165,,424,27.7,32.3,0.2,FALSE
1,6,349,牛かたロース,,0.2,0.5,265,,843,42.9,70,0.3,FALSE
1,6,350,牛リブロース,,0.2,0.4,180,,736,25.4,66.8,0.2,FALSE
1,6,351,牛サーロイン,,0.4,0.7,175,,585,28.9,48.8,0.2,FALSE
1,6,352,牛ばら,,0.3,0.3,95,,405,12.2,37.4,0.1,FALSE
1,6,353,牛もも,,0.4,0.8,190,,397,37.1,25.3,0.2,FALSE
1,6,354,牛ランプ,,0.6,1.1,185,,459,34.4,32.9,0.2,FALSE
1,6,355,牛ヒレ（赤肉）,,0.5,0.5,105,,205,21.8,11.8,0.1,FALSE
1,6,356,牛ひき肉,,0.4,0.2,50,,136,8.6,10.6,0.1,FALSE
1,6,357,牛レバー,,3.7,1.1,30,,40,5.9,1.1,0,FALSE
1,6,358,牛小腸,,0,0,100,,287,9.9,26.1,0.2,FALSE
1,6,359,ローストビーフ,,1,0.4,40,,78,8.7,4.7,0.3,FALSE
1,6,360,ビーフジャーキー,,6.4,1.6,25,,79,13.7,2,1.2,FALSE
1,6,361,スモークタン,,1,0.5,50,,142,9.1,11.5,0.8,FALSE
1,6,362,くじら（赤肉）,,0.2,0.1,50,,53,12.1,0.2,0.1,FALSE
1,6,363,豚かた,,0.2,0.2,110,,238,20.4,16.1,0.1,FALSE
1,6,364,豚かたロース,,0.1,0.1,120,,304,20.5,23,0.1,FALSE
1,6,365,豚ロース,,0.4,0.1,25,,66,4.8,4.8,0,FALSE
1,6,366,豚ばら,,0.1,0.1,100,,395,14.4,35.4,0.1,FALSE
1,6,367,豚ヒレ（赤肉）,,0.3,0.2,80,,104,17.8,3,0.1,FALSE
1,6,368,豚ひき肉,,0.2,0.1,50,,118,8.9,8.6,0.1,FALSE
1,6,369,豚レバー,,2.5,0.5,20,,26,4.1,0.7,0,FALSE
1,6,370,ボンレスハム,,2,0.2,10,,12,1.9,0.4,0.3,FALSE
1,6,371,ロースハム,,1.5,0.3,20,,39,3.3,2.8,0.5,FALSE
1,6,372,生ハム（促成）,,0.5,0.1,20,,49,4.8,3.3,0.6,FALSE
1,6,373,ベーコン,,0.3,0.1,40,,162,5.2,15.6,0.8,FALSE
1,6,374,ウインナーソーセージ,,3,0.3,10,,32,1.3,2.9,0.2,FALSE
1,6,375,ドライソーセージ,,2.7,0.4,15,,51,2.3,4.5,0.4,FALSE
1,6,376,焼き豚,,5,1,20,,34,3.9,1.6,0.5,FALSE
1,6,377,マトンロース,,0.2,0.5,250,,563,49.5,37.5,0.5,FALSE
1,6,378,ラムもも,,0.3,0.2,70,,139,14,8.4,0.1,FALSE
1,6,379,あいがも,,0.2,0.1,55,,183,7.8,16,0.1,FALSE
1,6,380,鶏手羽,,0,0,50,,68,5.8,4.6,0.1,FALSE
1,6,381,鶏むね（皮つき）,,0,0,40,,58,8.5,2.4,0,FALSE
1,6,382,鶏もも（皮つき）,,0,0,40,,82,6.6,5.7,0.1,FALSE
1,6,383,鶏ささみ,,0,0,50,,53,11.5,0.4,0.1,FALSE
1,6,384,鶏ひき肉,,0,0,50,,93,8.8,6,0.1,FALSE
1,6,385,鶏レバー,,0.7,0.3,45,,50,8.5,1.4,0.1,FALSE
1,6,386,鶏皮,,0,0,30,,148,2.8,14.4,0,FALSE
1,7,387,ピータン,,0,0,70,,150,9.6,11.6,1.4,FALSE
1,7,388,うずら卵,,0,0,10,,15,1.1,1.1,0,FALSE
1,7,389,うずら卵（水煮缶詰）,,1,0.1,10,,18,1.1,1.4,0.1,FALSE
1,7,390,鶏卵,,0.3,0.2,60,,77,6.3,5.3,0.2,FALSE
1,7,391,鶏卵（卵黄）,,0,0,15,,58,2.5,5,0,FALSE
1,7,392,鶏卵（卵白）,,0.3,0.1,35,,16,3.7,0,0.2,FALSE
1,7,393,たまご豆腐,,2,2.4,120,,95,7.7,6,1.1,FALSE
1,7,394,牛乳,,4.8,10.1,210,,141,6.9,8,0.2,FALSE
1,7,395,生クリーム（乳脂肪）,,3.3,0.5,15,,65,0.3,6.8,0,FALSE
1,7,396,生クリーム（植物性脂肪）,,2.7,0.4,15,,59,1,5.9,0.1,FALSE
1,7,397,コーヒーホワイトナー（植物性脂肪）,,2,0.1,5,,12,0.2,1.2,0,FALSE
1,7,398,ヨーグルト（脱脂加糖）,,11.9,11.9,100,,67,4.3,0.2,0.2,FALSE
1,7,399,エダムチーズ,,1.4,2.5,175,,623,50.6,43.8,3.5,FALSE
1,7,400,エメンタールチーズ,,1.6,3.3,205,,879,56,68.9,2.7,FALSE
1,7,401,カッテージチーズ,,2,0.6,30,,32,4,1.4,0.3,FALSE
1,7,402,カマンベールチーズ,,0.9,0.9,100,,310,19.1,24.7,2,FALSE
1,7,403,クリームチーズ,,2,0.3,15,,52,1.2,5,0.1,FALSE
1,7,404,チェダーチーズ,,1.3,0.2,15,,63,3.9,5.1,0.3,FALSE
1,7,405,パルメザンチーズ,,2,0.1,5,,24,2.2,1.5,0.2,FALSE
1,7,406,ブルーチーズ,,1,0.6,60,,209,11.3,17.4,2.3,FALSE
1,7,407,モッツァレラチーズ,,4.2,4.2,100,,276,18.4,19.9,0.2,FALSE
1,7,408,リコッタチーズ,,6.5,1.3,20,,32,1.4,2.3,0.1,FALSE
1,7,409,プロセスチーズ,,1.5,0.3,20,,68,4.5,5.2,0.6,FALSE
1,8,410,あまに油,,0,0,100,,921,0,100,0,FALSE
1,8,411,えごま油,,0,0,100,,921,0,100,0,FALSE
1,8,412,オリーブ油,,0,0,100,,921,0,100,0,FALSE
1,8,413,ごま油,,0,0,100,,921,0,100,0,FALSE
1,8,414,調合油（サラダ油）,,0,0,100,,921,0,100,0,FALSE
1,8,415,なたね油,,0,0,100,,921,0,100,0,FALSE
1,8,416,ラード,,0,0,10,,94,0,10,0,FALSE
1,8,417,有塩バター,,0,0,10,,75,0.1,8.1,0.2,FALSE
1,8,418,食塩不使用バター,,0,0,10,,76,0.1,8.3,0,FALSE
1,8,419,発酵バター,,4,0.4,10,,75,0.1,8,0.1,FALSE
1,8,420,マーガリン（ファットスプレッド）,,0,0,15,,95,0,10.4,0.2,FALSE
1,8,421,ウスターソース,,26.1,4.7,18,,21,0.2,0,1.5,FALSE
1,8,422,中濃ソース,,30,5.4,18,,24,0.1,0,1,FALSE
1,8,423,濃厚ソース,,30,5.4,18,,24,0.2,0,1,FALSE
1,8,424,お好み焼きソース,,33.3,7,21,,31,0.3,0,1.1,FALSE
1,8,425,トウバンジャン,,3.3,0.2,6,,4,0.1,0.1,1.1,FALSE
1,8,426,チリペッパーソース,,6,0.3,5,,3,0,0,0.1,FALSE
1,8,427,ラー油,,0,0,5,,46,0,5,0,FALSE
1,8,428,こいくちしょうゆ,,10,1.8,18,,13,1.4,0,2.6,FALSE
1,8,429,うすくちしょうゆ,,0,0,18,,10,1,0,2.9,FALSE
1,8,430,しろしょうゆ,,19.4,3.5,18,,16,0.5,0,2.6,FALSE
1,8,431,だししょうゆ,,5,0.9,18,,7,0.7,0,1.3,FALSE
1,8,432,本みりん,,43.3,7.8,18,,43,0.1,0,0,FALSE
1,8,433,食塩,,0,0,1,,0,0,0,1,FALSE
1,8,434,黒酢,,9.3,1.4,15,,8,0.2,0,0,FALSE
1,8,435,穀物酢,,2.7,0.4,15,,4,0,0,0,FALSE
1,8,436,米酢,,7.3,1.1,15,,7,0,0,0,FALSE
1,8,437,バルサミコ酢,,19.3,2.9,15,,15,0.1,0,0,FALSE
1,8,438,ぶどう酢（ワインビネガー）,,1.3,0.2,15,,3,0,0,0,FALSE
1,8,439,かつおだし,,0,0,100,,3,0.5,0.1,0.1,FALSE
1,8,440,昆布だし,,0.9,0.9,100,,4,0.1,0,0.2,FALSE
1,8,441,煮干しだし,,0,0,100,,1,0.1,0.1,0.1,FALSE
1,8,442,固形コンソメ,,42,2.1,5,,12,0.4,0.2,2.2,FALSE
1,8,443,顆粒中華だし,,36.7,1.1,3,,6,0.4,0,1.4,FALSE
1,8,444,顆粒和風だし,,32,1.6,5,,11,1.2,0,2,FALSE
1,8,445,めんつゆ（ストレート）,,8.7,13.1,150,,66,3.3,0,5,FALSE
1,8,446,オイスターソース,,18.3,1.1,6,,6,0.5,0,0.7,FALSE
1,8,447,ごまだれ,,30,5.7,19,,54,1.4,2.7,0.8,FALSE
1,8,448,すし酢,,35,6.3,18,,27,0,0,1.2,FALSE
1,8,449,デミグラスソース,,11,11,100,,82,2.9,3,1.3,FALSE
1,8,450,テンメンジャン,,35.2,7.4,21,,54,1.8,1.6,1.5,FALSE
1,8,451,ナンプラー,,2.8,0.5,18,,9,1.6,0,4.1,FALSE
1,8,452,ホワイトソース,,8.8,8.8,100,,99,1.8,6.2,1,FALSE
1,8,453,ぽん酢しょうゆ,,7.8,1.4,18,,8,0.6,0,1,FALSE
1,8,454,焼き肉のたれ（しょうゆベース）,,32.7,9.8,30,,51,1.3,0.7,2.5,FALSE
1,8,455,ゆずこしょう,,0,0,1.5,,1,0,0,0.4,FALSE
1,8,456,トマトケチャップ,,25.3,3.8,15,,18,0.3,0,0.5,FALSE
1,8,457,フレンチドレッシング,,5.7,0.8,14,,57,0,5.9,0.4,FALSE
1,8,458,和風ドレッシング,,16,2.4,15,,12,0.5,0,1.1,FALSE
1,8,459,中華ドレッシング,,10.7,1.6,15,,19,0.6,1,0.8,FALSE
1,8,460,ごまドレッシング,,17.3,2.6,15,,54,1.3,3.9,0.4,FALSE
1,8,461,サウザンアイランドドレッシング,,8.7,1.3,15,,62,0.2,6.2,0.5,FALSE
1,8,462,イタリアンドレッシング,,6,0.9,15,,48,0.1,4.8,0.3,FALSE
1,8,463,青じそドレッシング,,14,2.1,15,,68,0.2,6.5,0.6,FALSE
1,8,464,マヨネーズ（卵黄型）,,1.7,0.2,12,,80,0.3,8.7,0.3,FALSE
1,8,465,甘みそ,,32.2,5.8,18,,39,1.7,0.5,1.1,FALSE
1,8,466,淡色辛みそ,,17.2,3.1,18,,35,2.3,1.1,2.2,FALSE
1,8,467,赤色辛みそ,,17.2,3.1,18,,33,2.4,1,2.3,FALSE
1,8,468,麦みそ,,22.8,4.1,18,,36,1.7,0.8,1.9,FALSE
1,8,469,カレールウ,,41,49.2,120,,614,7.8,40.9,12.8,FALSE
1,8,470,酒かす,,18.6,12.1,65,,148,9.7,1,0,FALSE
1,8,471,からし（練り）,,40,2.4,6,,19,0.4,0.9,0.4,FALSE
1,8,472,粒入りマスタード,,13.3,0.8,6,,14,0.5,1,0.2,FALSE
1,8,473,カレー粉,,25,0.5,2,,8,0.3,0.2,0,FALSE
1,8,474,黒こしょう（粉）,,65,1.3,2,,7,0.2,0.1,0,FALSE
1,8,475,白こしょう（粉）,,70,1.4,2,,8,0.2,0.1,0,FALSE
1,8,476,さんしょう（粉）,,70,1.4,2,,8,0.1,0.1,0,FALSE
1,8,477,シナモン（粉）,,80,4,5,,18,0.2,0.2,0,FALSE
1,8,478,ガーリックパウダー,,75,1.5,2,,8,0.4,0,0,FALSE
1,8,479,わさび（練り）,,40,1.2,3,,8,0.1,0.3,0.2,FALSE
1,8,480,ココナッツミルク,,2.7,0.8,30,,45,0.6,4.8,0,FALSE
1,9,481,黒砂糖,,89.8,44.9,50,,177,0.9,0,0.1,FALSE
1,9,482,上白糖,,99.3,14.9,15,,58,0,0,0,FALSE
1,9,483,三温糖,,98.9,8.9,9,,34,0,0,0,FALSE
1,9,484,角砂糖,,100,3,3,,12,0,0,0,FALSE
1,9,485,粉糖,,100,6,6,,23,0,0,0,FALSE
1,9,486,水あめ,,85.2,17.9,21,,69,0,0,0,FALSE
1,9,487,ガムシロップ,,75.4,9.8,13,,36,0,0,0,FALSE
1,9,488,黒蜜,,50.5,10.6,21,,42,0.2,0,0,FALSE
1,9,489,はちみつ,,79.5,16.7,21,,62,0,0,0,FALSE
1,9,490,メープルシロップ,,66.2,13.9,21,,54,0,0,0,FALSE
1,9,491,ピーナッツバター,,14.1,2.4,17,,109,4.3,8.6,0.2,FALSE
1,9,492,いちごジャム,,47.1,9.9,21,,41,0.1,0,0,FALSE
1,9,493,マーマレード,,62.4,13.1,21,,54,0,0,0,FALSE
1,9,494,ブルーベリージャム,,39.5,8.3,21,,38,0.1,0.1,0,FALSE
1,9,495,りんごジャム,,51.9,10.9,21,,45,0,0,0,FALSE
2,10,626,ごはん（白米）,,36.8,55.2,150,,252,3.8,0.5,0,FALSE
2,10,627,五穀米,,39.1,62.5,160,,309,5.9,2,0,FALSE
2,10,628,玄米,,34.2,51.3,150,,248,4.2,1.5,0,FALSE
2,10,629,炊き込みごはん,,30.6,45.9,150,,244,5.9,2.5,0.6,FALSE
2,10,630,赤飯,,40.3,60.4,150,,285,6.4,0.9,0.5,FALSE
2,10,631,山菜おこわ,,30.2,45.3,150,,220,4.1,0.5,1.6,FALSE
2,10,632,白がゆ,,15.6,23.4,150,,107,1.7,0.2,0,FALSE
2,10,633,のり茶漬け,,39,62.4,160,,286,4.4,0.7,2.3,FALSE
2,10,634,親子丼,,34.2,105.9,310,,702,24.6,14.5,3,FALSE
2,10,635,カツ丼,,35.2,116.3,330,,988,32.5,36,3.6,FALSE
2,10,636,牛丼,,34.7,110.9,320,,770,20,21.7,3.9,FALSE
2,10,637,中華丼,,38.6,104.1,270,,696,17.6,19.2,1.4,FALSE
2,10,638,うな丼,,26.3,107.9,410,,943,44.9,34.4,5.6,FALSE
2,10,639,天丼,,34.3,120,350,,770,21.7,17.5,3.8,FALSE
2,10,640,ねぎトロ丼,,27.9,92.2,330,,521,27.4,1.9,0.1,FALSE
2,10,641,海鮮丼,,27.6,92.3,335,,510,22.8,2.7,0.3,FALSE
2,10,642,チャーハン,,29.5,76.8,260,,567,15.9,19.2,3.1,FALSE
2,10,643,ちらしずし,,35.9,68.2,190,,397,14,5.4,1.9,FALSE
2,10,644,いなりずし,,45.2,27.1,60,,252,9.2,11.1,0.8,FALSE
2,10,645,巻きずし,,29.1,128.2,440,,671,18.3,6.2,2.8,FALSE
2,10,646,さば寿司,,29.9,77.7,260,,555,16.3,16.8,1.9,FALSE
2,10,647,焼きもち,,50.4,25.2,50,,117,2,0.3,0,FALSE
2,10,648,雑煮,,20.3,26.4,130,,196,9.2,4.9,2.4,FALSE
2,10,649,カレーライス,,37.2,108,290,,783,18.5,26.7,2.8,FALSE
2,10,650,野菜カレー,,26.2,99.5,380,,618,8.6,17.2,2.2,FALSE
2,10,651,シーフードカレー,,35.2,105.6,300,,630,20.8,10.6,2.5,FALSE
2,10,652,チキンカレー,,30.9,104.9,340,,718,21.1,19.9,2.3,FALSE
2,10,653,ハヤシライス,,33.8,98.1,290,,714,17.6,24.5,2.3,FALSE
2,10,654,オムライス,,31.6,87,275,,696,20.6,25.6,3.2,FALSE
2,10,655,チキンドリア,,33.8,84.6,250,,673,26.3,22.6,2,FALSE
2,10,656,石焼きビビンバ,,27.7,98.3,355,,572,13.3,9.5,2.4,FALSE
2,10,657,カルビクッパ,,39.5,39.5,100,,418,14.4,19.9,3.1,FALSE
2,10,658,トースト,,39.3,26.7,68,,218,5.6,9.1,0.9,FALSE
2,10,659,ピザトースト,,38.6,30.1,78,,278,11.6,11.3,1.6,FALSE
2,10,660,フレンチトースト,,79.7,47.8,60,,371,11,14.4,1.1,FALSE
2,10,661,サンドイッチ（卵＋ハム）,,32.6,27.7,85,,371,15.8,20.9,2.3,FALSE
2,10,662,カツサンド,,35.2,22.9,65,,218,10.6,8.4,1.3,FALSE
2,10,663,ホットドッグ,,10.3,9.3,90,,262,9.1,11.4,1.4,FALSE
2,10,664,ホットケーキ,,44.1,52.9,120,,313,9.2,6.5,0.8,FALSE
2,11,665,かけうどん,,21.2,53.1,250,,273,7.8,1.1,1,FALSE
2,11,666,きつねうどん,,21.2,57.2,270,,373,12.8,8,1.4,FALSE
2,11,667,月見うどん,,17.8,53.3,300,,349,14,6.3,1.2,FALSE
2,11,668,カレーうどん,,29.2,81.8,280,,429,10.8,1.4,5.2,FALSE
2,11,669,冷やしうどん,,22.9,57.3,250,,290,8,1,2.7,FALSE
2,11,670,煮込みうどん,,19.9,55.6,280,,341,16,3.6,1.2,FALSE
2,11,671,焼きうどん,,19.5,54.6,280,,560,11.8,29.1,3.6,FALSE
2,11,672,皿うどん,,42.8,49.2,115,,660,13.9,40.6,2.9,FALSE
2,11,673,かけそば,,24.6,41.9,170,,235,9.5,1.8,0.3,FALSE
2,11,674,天ぷらそば,,23.3,44.3,190,,288,13.7,4.5,0.5,FALSE
2,11,675,山菜そば,,25.1,47.6,190,,274,12.2,1.8,2.9,FALSE
2,11,676,かも南蛮そば,,22.3,49.1,220,,445,19.1,16.3,3,FALSE
2,11,677,冷やしそば,,26.2,44.6,170,,245,9.3,1.7,1.4,FALSE
2,11,678,しょうゆラーメン,,23.8,59.6,250,,353,15.1,3.2,1.6,FALSE
2,11,679,塩ラーメン,,22.7,59.1,260,,417,23.1,6.6,5.5,FALSE
2,11,680,みそラーメン,,24,60,250,,359,15,3.3,1.1,FALSE
2,11,681,とんこつラーメン,,22.9,57.2,250,,342,14.5,3.2,1.2,FALSE
2,11,682,つけめん,,26.2,60.2,230,,445,23.2,8.8,1.9,FALSE
2,11,683,担々めん,,22.6,61.1,270,,462,18.8,10.9,2.5,FALSE
2,11,684,ちゃんぽん,,23.7,60.5,255,,544,28.2,16,5.5,FALSE
2,11,685,ワンタンめん,,25.6,70.4,275,,437,17,5.9,0.9,FALSE
2,11,686,冷めん,,24.9,63.5,255,,425,17.9,7.9,4.1,FALSE
2,11,687,焼きそば,,35.6,73,205,,685,15.5,32.1,3.3,FALSE
2,11,688,海鮮あんかけ焼きそば,,26.4,73.8,280,,575,18.6,18.6,2.1,FALSE
2,11,689,トマトソースパスタ,,23.2,81.2,350,,500,14.8,8.5,4,FALSE
2,11,690,ミートスパゲッティ,,28.7,86.2,300,,679,16.6,16,5,FALSE
2,11,691,ナポリタン,,31,86.8,280,,683,18.9,24.3,5.7,FALSE
2,11,692,和風きのこパスタ,,23.2,78.8,340,,601,16.6,20.3,4.9,FALSE
2,11,693,カルボナーラ,,27.6,77.2,280,,856,27.5,44,5,FALSE
2,11,694,ペペロンチーノ,,30.5,76.3,250,,509,13.7,12.3,4,FALSE
2,11,695,焼きビーフン,,19.5,33.2,170,,504,12.4,32.6,2.2,FALSE
2,11,696,お好み焼き（ミックス）,,14.1,47.8,340,,586,27.8,27.7,1.7,FALSE
2,11,697,広島風お好み焼き,,16.1,59.6,370,,597,15.6,28.9,2.5,FALSE
2,11,698,もんじゃ焼き（ミックス）,,7.1,32,450,,286,12.6,10,2.4,FALSE
2,11,699,たこ焼き,,12,44.3,370,,365,20.9,9,2.5,FALSE
2,11,700,チヂミ,,11.7,20.4,175,,264,11.9,13.3,0.7,FALSE
2,11,701,マカロニグラタン,,35.9,32.3,90,,373,17.2,17.7,3,FALSE
2,11,702,ラザニア,,31.9,47.9,150,,615,25.1,28,3.6,FALSE
2,11,703,シリアル,,14.8,34,230,,248,8.9,8.1,0.8,FALSE
2,12,704,鶏の唐揚げ,,4.7,4.2,90,,211,15.1,13.7,0.5,FALSE
2,12,705,手羽先の唐揚げ,,2.6,1.2,46,,70,5.3,4.5,0.2,FALSE
2,12,706,フライドチキン,,2.3,2.2,96,,139,10.6,9,0.3,FALSE
2,12,707,鶏の照り焼き,,4,3.2,80,,153,13.6,8.6,0.8,FALSE
2,12,708,タンドリーチキン,,5.8,4.6,80,,199,14.7,12.4,1.2,FALSE
2,12,709,鶏肉の甘酢あん,,35.9,25.1,70,,277,13.5,12.2,1.6,FALSE
2,12,710,鶏肉の治部煮,,16,9.6,60,,175,11.8,8.6,1.6,FALSE
2,12,711,ささみのロールカツ,,10.3,6.2,60,,247,19.7,14.8,1.7,FALSE
2,12,712,ささみの梅肉はさみ揚げ,,8.3,3.3,40,,127,9.7,7.7,1,FALSE
2,12,713,チキンソテー（きのこソース）,,4.2,2.1,50,,163,13.8,10.2,1.5,FALSE
2,12,714,チキン南蛮,,8.6,6.9,80,,352,15.3,28,1.9,FALSE
2,12,715,なんこつの唐揚げ,,7.2,6.1,85,,79,10.8,1.3,1.2,FALSE
2,12,716,とんかつ,,11.3,11.3,100,,490,21.7,37.5,0.8,FALSE
2,12,717,しょうが焼き,,4.4,4,90,,301,17.4,22.2,1.9,FALSE
2,12,718,ポークピカタ,,2.3,2.1,90,,163,21.5,6.8,0.6,FALSE
2,12,719,豚の角煮,,8.6,8.6,100,,482,14.2,40.2,1.4,FALSE
2,12,720,豚キムチ炒め,,6.2,3.1,50,,258,11.5,20.5,0.9,FALSE
2,12,721,酢豚,,59.1,38.4,65,,387,15.8,17.1,3.3,FALSE
2,12,722,豚肉の竜田揚げ,,9.5,7.6,80,,151,18.3,4.6,0.4,FALSE
2,12,723,スペアリブ煮,,3.2,3.2,100,,453,13.6,40.3,2.3,FALSE
2,12,724,牛肉の野菜巻き,,10.3,4.1,40,,150,7.1,10.6,0.6,FALSE
2,12,725,牛肉の柳川風,,18.3,11,60,,339,17.9,22.3,1.5,FALSE
2,12,726,牛肉の赤ワイン煮込み,,22.8,18.2,80,,434,16.7,25.5,1.4,FALSE
2,12,727,牛すじの煮込み,,12.7,7.6,60,,142,18.4,3,2.3,FALSE
2,12,728,ローストビーフ,,2.5,3.7,150,,306,33.1,17.6,1.2,FALSE
2,12,729,ビーフシチュー,,31.3,18.8,60,,289,13.4,14.8,1.2,FALSE
2,12,730,クリームシチュー,,56,22.4,40,,292,14.1,15,0.9,FALSE
2,12,731,メンチカツ,,13.3,8,60,,306,13.7,23,0.8,FALSE
2,12,732,ハンバーグ,,15,15,100,,448,20.9,31.7,2.7,FALSE
2,12,733,ミートローフ,,18.1,18.1,100,,407,23.8,24.1,3.1,FALSE
2,12,734,ピーマンの肉詰め,,28.5,11.4,40,,226,9,14.8,2.1,FALSE
2,12,735,ロールキャベツ,,24.4,24.4,100,,447,23.7,25.9,3.2,FALSE
2,12,736,肉じゃが,,58,29,50,,331,11.3,17.4,1.9,FALSE
2,12,737,もつ煮込み,,43.4,21.7,50,,214,8.7,7.8,1,FALSE
2,12,738,肉団子とはるさめの中華煮,,15.9,11.1,70,,254,15.8,15.1,1.6,FALSE
2,12,739,肉野菜炒め,,9.2,4.6,50,,266,11.6,20.7,1.5,FALSE
2,12,740,レバにら炒め,,11.2,6.7,60,,145,13.5,6,1.7,FALSE
2,12,741,鶏とカシューナッツの炒めもの,,12.7,7.6,60,,392,20.9,24.8,1.8,FALSE
2,12,742,チンジャオロース,,18.2,10.9,60,,294,14.4,19.2,1.6,FALSE
2,12,743,ホイコーロー,,19.8,9.9,50,,300,11.7,21.8,3.5,FALSE
2,12,744,ぎょうざ,,108.3,19.5,18,,207,6.7,9.9,1,FALSE
2,12,745,水ぎょうざ,,108.3,19.5,18,,169,6.7,5.7,1,FALSE
2,12,746,しゅうまい,,30,6.9,23,,97,4.9,5,0.5,FALSE
2,12,747,春巻き,,144.2,17.3,12,,229,7.2,13.3,0.6,FALSE
2,12,748,バンバンジー,,7.8,3.9,50,,114,12.4,4.6,1.1,FALSE
2,12,749,ジンギスカン,,4.6,4.6,100,,260,18.4,17.2,0.2,FALSE
2,12,750,馬刺し,,0.7,0.2,30,,33,6.1,0.8,0.1,FALSE
2,13,751,まぐろ刺身,,1.5,0.6,40,,54,10.7,0.6,0,FALSE
2,13,752,サーモン刺身,,1.5,0.6,40,,79,8.3,4.3,0,FALSE
2,13,753,あじ刺身,,1.3,0.6,45,,59,9,1.9,0.1,FALSE
2,13,754,さんま刺身,,3,0.6,20,,71,3.5,5.6,0.1,FALSE
2,13,755,まだい刺身,,2,0.6,30,,48,6.5,1.8,0,FALSE
2,13,756,ひらめ刺身,,2,0.6,30,,38,6.5,0.8,0,FALSE
2,13,757,ぶり刺身,,1.2,0.7,60,,126,12.7,7.2,0.1,FALSE
2,13,758,いか刺身,,1.3,0.6,45,,42,8.5,0.3,0.2,FALSE
2,13,759,いかそうめん,,0,0,20,,16,3.3,0.2,0.1,FALSE
2,13,760,かつおのたたき,,1.1,0.9,80,,96,20.8,0.4,0.1,FALSE
2,13,761,生がき,,1.2,1.4,120,,18,2,0.4,0.4,FALSE
2,13,762,たいのカルパッチョ,,0.3,0.2,60,,134,13,8.3,0.2,FALSE
2,13,763,サーモンマリネ,,6.2,3.4,55,,199,11.6,14.4,0.5,FALSE
2,13,764,まぐろの山かけ,,12,7.2,60,,113,17.5,1.1,0.8,FALSE
2,13,765,さんまの塩焼き,,0.2,0.1,50,,88,7.8,5.8,0.8,FALSE
2,13,766,さけの塩焼き,,0.2,0.1,45,,77,13.1,2.3,1,FALSE
2,13,767,ほっけの塩焼き,,0.6,1.4,250,,293,33.7,15.3,2.9,FALSE
2,13,768,あじの開き,,1.3,0.9,71,,116,12.5,6.2,1,FALSE
2,13,769,焼きさば,,1.8,1.1,60,,197,15.3,13.5,1.5,FALSE
2,13,770,ぶりの照り焼き,,5.9,4.1,70,,218,15.6,14.4,1.3,FALSE
2,13,771,たらのホイル焼き,,4.9,3.4,70,,205,26.4,6.4,1.3,FALSE
2,13,772,さけのちゃんちゃん焼き,,34.6,17.3,50,,336,19.6,17.8,2.1,FALSE
2,13,773,さわらのみそ焼き,,5.6,3.1,55,,132,13.9,6.2,1.2,FALSE
2,13,774,いかの一夜干し,,0.2,0.3,140,,154,33.1,1.4,3.1,FALSE
2,13,775,白身魚の香草パン粉焼き,,5.1,3.6,70,,160,14.2,9.2,0.8,FALSE
2,13,776,したびらめのムニエル,,5.2,3.1,60,,103,11.9,4.3,0.4,FALSE
2,13,777,たらのポワレ,,9.9,6.9,70,,227,14.7,14.4,1,FALSE
2,13,778,かれいの煮つけ,,3.7,7.4,200,,135,20.3,1.3,1.4,FALSE
2,13,779,ぶりだいこん,,16.3,9.8,60,,210,14.3,10.7,1.7,FALSE
2,13,780,さばのみそ煮,,8.4,6.7,80,,209,14.6,11.6,1,FALSE
2,13,781,いわしのしょうが煮,,5.3,6.4,120,,117,10.2,4.4,1.8,FALSE
2,13,782,あじの南蛮漬け,,5.4,7.2,133,,151,12.6,6.3,1.3,FALSE
2,13,783,あゆの甘露煮,,13.6,12.2,90,,91,6.5,0.7,3,FALSE
2,13,784,いわしのハンバーグ,,5.3,3.2,60,,169,11.6,10.7,0.9,FALSE
2,13,785,まぐろステーキ,,1.8,1.1,60,,88,14.9,2.1,1.5,FALSE
2,13,786,さんまの竜田揚げ,,9,6.3,70,,260,11.8,18.9,0.8,FALSE
2,13,787,白身魚フライ,,8.8,5.3,60,,205,12.8,14,0.8,FALSE
2,13,788,あじフライ,,7.4,5.2,70,,267,15.4,19.5,0.7,FALSE
2,13,789,えびフライ,,7,4.9,70,,155,12.5,8.8,0.6,FALSE
2,13,790,かきフライ,,14.6,12.4,85,,374,8.6,31.1,2.6,FALSE
2,13,791,かにクリームコロッケ,,9.7,24.3,250,,452,14.4,31.4,2.1,FALSE
2,13,792,たこの唐揚げ,,11.9,11.9,100,,220,22.3,7.7,1.4,FALSE
2,13,793,いかリング,,14.2,7.8,55,,195,12,12.2,0.7,FALSE
2,13,794,はんぺんフライ,,18.7,22.4,120,,331,14.7,19.6,2,FALSE
2,13,795,えびのチリソース,,5,6,120,,203,26.9,6.4,2.4,FALSE
2,13,796,えびしゅうまい,,35,21,60,,212,17.1,5.4,1.3,FALSE
2,13,797,ほたてのバターソテー,,1.7,2.2,130,,160,17.6,8.2,1.8,FALSE
2,13,798,卵とえびのマヨネーズ炒め,,0.8,0.8,100,,190,17.4,12,0.9,FALSE
2,13,799,シーフードと野菜のオイスター炒め,,10.3,8.2,80,,202,16.4,9.9,2.3,FALSE
2,13,800,あさりバター,,1.3,1.6,125,,73,3.5,4.2,1.6,FALSE
2,13,801,シーフードグラタン,,24.9,22.4,90,,409,25.2,22.7,3.2,FALSE
2,13,802,白身魚の甘酢あん,,36,25.2,70,,225,14.4,6.1,1.9,FALSE
2,13,803,白身魚のトマト煮,,29.9,20.9,70,,299,17.7,13.3,1.8,FALSE
2,13,804,白身魚のホワイトソース煮,,21.3,12.8,60,,262,16.8,14.8,1.1,FALSE
2,13,805,ブイヤベース,,5.6,6,107,,166,20.1,4,1.3,FALSE
2,14,806,シーフードサラダ,,1.8,2.3,125,,52,8.3,8.9,0.3,FALSE
2,14,807,シーザーサラダ,,14.7,4.4,30,,302,7.8,27.2,1,FALSE
2,14,808,ごぼうサラダ,,11.6,5.8,50,,84,1.4,5,0.4,FALSE
2,14,809,コールスローサラダ,,5.8,2.3,40,,55,0.9,4.4,0.6,FALSE
2,14,810,もろきゅう,,6.2,6.2,100,,39,1.8,0.4,0.6,FALSE
2,14,811,ほうれんそうのおひたし,,1.4,0.7,50,,16,1.8,0.3,0.8,FALSE
2,14,812,こまつなのごま和え,,6.8,3.4,50,,52,2.2,3,0.6,FALSE
2,14,813,いんげんのかか和え,,7.6,3.8,50,,25,1.5,0.1,0.5,FALSE
2,14,814,４色ナムル,,6.8,5.1,75,,79,4.1,3,2,FALSE
2,14,815,きゅうりとたこの酢のもの,,4.2,2.1,50,,31,4.2,0.4,1.2,FALSE
2,14,816,だいこんなます,,5.6,2.8,50,,16,0.3,0.1,0.8,FALSE
2,14,817,きんぴらごぼう,,15.8,7.9,50,,74,1.7,2.4,0.9,FALSE
2,14,818,こまつなと油揚げの煮浸し,,5.3,4.2,80,,96,5.4,5.3,1.1,FALSE
2,14,819,ほうれんそうのバターソテー,,0.3,0.3,100,,57,2.2,4.5,0.5,FALSE
2,14,820,コーンバター,,14.5,17.4,120,,173,2.8,8.7,1.3,FALSE
2,14,821,ゴーヤチャンプルー,,10,3,30,,289,14.6,22.9,1.5,FALSE
2,14,822,八宝菜,,9,13.5,150,,343,14.9,23.3,1.7,FALSE
2,14,823,ブロッコリーとえびの炒めもの,,0.5,0.7,150,,143,14.2,8,0.9,FALSE
2,14,824,マーボーなす,,8.8,7,80,,146,6,9.1,1.8,FALSE
2,14,825,なす田楽,,7.3,4.4,60,,112,1.6,8.9,0.8,FALSE
2,14,826,れんこんのはさみ揚げ,,12.3,7.4,60,,170,6.4,12,0.2,FALSE
2,14,827,筑前煮,,32.2,16.1,50,,242,12.5,12.2,2.6,FALSE
2,14,828,ふろふきだいこん,,7,7,100,,50,1.8,0.7,1.3,FALSE
2,14,829,だいこんといかの煮つけ,,6.8,6.1,90,,65,7.7,0.4,1.4,FALSE
2,14,830,かぼちゃの煮つけ,,24,24,100,,128,2.7,0.3,0.8,FALSE
2,14,831,かぼちゃコロッケ,,17.6,13.2,75,,232,6.9,15.4,0.6,FALSE
2,14,832,たけのこ土佐煮,,7.8,3.9,50,,31,2.4,0.1,0.6,FALSE
2,14,833,かぶのそぼろ煮,,5.8,4.6,80,,85,4.3,4.3,0.7,FALSE
2,14,834,チンゲンサイのクリーム煮,,15.8,9.5,60,,142,7,8.2,1.6,FALSE
2,14,835,ポトフ,,15.2,18.2,120,,219,8,11.8,2.3,FALSE
2,14,836,ラタトゥイユ,,9.6,8.6,90,,82,2.6,3.2,1.1,FALSE
2,14,837,生春巻き,,51.6,23.2,45,,184,17.5,1.1,0.1,FALSE
2,14,838,きゅうりの漬けもの,,2,0.3,15,,2,0.1,0,0.3,FALSE
2,14,839,はくさいの漬けもの,,1.7,0.5,30,,5,0.4,0,0.7,FALSE
2,14,840,たくあん,,1.8,0.4,22,,6,0.4,0,0.6,FALSE
2,14,841,高菜漬け,,1.7,0.5,30,,10,0.8,0.1,1.7,FALSE
2,14,842,マーボーはるさめ,,41,20.5,50,,176,4.2,7.4,1.5,FALSE
2,14,843,こんにゃくのピリ辛煮,,2.5,2,80,,35,0.4,2.4,0.5,FALSE
2,14,844,ポテトサラダ,,18.4,12.9,70,,165,3.4,10.7,0.9,FALSE
2,14,845,コロッケ,,17.1,12.8,75,,224,6.7,15.3,0.6,FALSE
2,14,846,ジャーマンポテト,,16.7,16.7,100,,171,3.6,9.5,0.8,FALSE
2,14,847,大学いも,,39,39,100,,201,1.3,3.5,0,FALSE
2,14,848,さつまいものオレンジ煮,,50.4,40.3,80,,170,1.3,0.2,0,FALSE
2,14,849,さといもの煮もの,,17.6,17.6,100,,86,1.9,0.1,1.1,FALSE
2,14,850,ながいもの梅肉和え,,15.2,9.1,60,,48,1.8,0.2,0.8,FALSE
2,14,851,きのことポテトのキッシュ,,9.4,8.9,95,,428,14.5,36.6,2.2,FALSE
2,14,852,きのこのマリネ,,2.9,1.6,55,,45,1.5,3.5,0.2,FALSE
2,15,853,だし巻き卵,,8.4,4.2,50,,97,6.3,5.7,0.6,FALSE
2,15,854,目玉焼き,,0.4,0.2,50,,94,6.2,7.2,0.2,FALSE
2,15,855,ゆで卵,,0.4,0.2,50,,76,6.5,5,0.2,FALSE
2,15,856,ポーチドエッグ,,0.4,0.2,50,,76,6.2,5.2,0.4,FALSE
2,15,857,スペイン風オムレツ,,100,50,50,,165,7.3,10.8,0.5,FALSE
2,15,858,茶碗蒸し,,5.1,2.3,45,,89,9.9,4.1,1.2,FALSE
2,15,859,かに玉,,9.9,7.9,80,,325,17.1,23.4,2,FALSE
2,15,860,卵とトマトの炒めもの,,3.9,3.5,90,,169,4.4,14.7,0.6,FALSE
2,15,861,きくらげと卵の炒めもの,,4.2,2.1,50,,176,9.3,12.9,1.8,FALSE
2,15,862,卵とにらの炒めもの,,2,0.7,35,,105,5,8.5,0.9,FALSE
2,15,863,冷奴,,1.8,1.8,100,,59,5.3,3,0,FALSE
2,15,864,卯の花,,29.7,10.4,35,,101,3.3,3,0.9,FALSE
2,15,865,豆腐とアボカドのサラダ,,5,2.5,50,,82,4.1,5.9,0.1,FALSE
2,15,866,豆腐ステーキ（おろしソース）,,9.4,4.7,50,,72,3.9,3.7,0.5,FALSE
2,15,867,揚げだし豆腐,,9.2,9.2,100,,168,7.4,10.2,1,FALSE
2,15,868,マーボー豆腐,,4.8,9.5,200,,407,24.6,27.8,3.6,FALSE
2,15,869,豆腐ハンバーグ,,16.4,16.4,100,,327,17.1,19.9,1.4,FALSE
2,15,870,豆腐グラタン,,8.9,8.9,100,,301,20,19.5,1.3,FALSE
2,15,871,マカロニサラダ,,34,13.6,40,,154,2.8,9.1,1.4,FALSE
2,15,872,がんもの含め煮,,10.4,7.8,75,,215,12.9,13.4,1.8,FALSE
2,15,873,高野豆腐の含め煮,,64.7,9.7,15,,124,9,5.2,2,FALSE
2,15,874,厚揚げのはさみ煮,,17.3,10.4,60,,289,17,16.8,2.2,FALSE
2,15,875,おからサラダ,,6,2.1,35,,145,4.4,11.4,1.1,FALSE
2,15,876,ごま豆腐,,13.8,11.7,85,,77,1.1,2.5,0.3,FALSE
2,15,877,海ぶどうの刺身,,0.3,0.1,30,,1,0.2,0,0.2,FALSE
2,15,878,もずくときゅうりの酢のもの,,2.7,1.9,70,,13,0.7,0.1,1,FALSE
2,15,879,ひじきの煮つけ,,82.5,3.3,4,,34,0.9,1.2,1,FALSE
2,15,880,ひじきの白和え,,5.2,2.2,42,,59,3.8,3.5,0.9,FALSE
2,15,881,にしんの昆布巻き,,51.6,12.9,25,,106,5.5,2.7,3.5,FALSE
2,15,882,だいず五目煮,,22.9,10.3,45,,112,7.1,3.1,1.6,FALSE
2,15,883,金時煮豆,,33.5,13.4,40,,72,2.8,0.2,0.2,FALSE
2,16,884,水炊き,,6,19.8,330,,314,22.1,14.7,3,FALSE
2,16,885,すき焼き,,10.7,15,140,,588,25.6,43.3,2.4,FALSE
2,16,886,しゃぶしゃぶ,,3.9,6.8,175,,489,23.1,38.3,0.6,FALSE
2,16,887,キムチ鍋,,4.4,10.9,250,,304,21.3,17,3,FALSE
2,16,888,もつ鍋,,3.4,7.9,230,,231,12.6,13.9,2,FALSE
2,16,889,たらちり,,6.2,7.4,120,,135,16.6,2.9,0.6,FALSE
2,16,890,ちゃんこ鍋,,3.4,8.6,255,,350,29.1,18.4,2.9,FALSE
2,16,891,きりたんぽ鍋,,24.1,71.1,295,,481,16.9,9.4,3,FALSE
2,16,892,石狩鍋,,9,38.5,430,,544,56.2,11.5,11.2,FALSE
2,16,893,豆腐のみそ汁,,1.2,2.2,185,,35,2.7,1.5,1.4,FALSE
2,16,894,あさりのみそ汁,,1,1.8,180,,27,2.6,0.8,1.8,FALSE
2,16,895,ふのみそ汁,,1.7,2.5,150,,27,1.9,0.8,1.4,FALSE
2,16,896,赤だし,,0.9,1.6,170,,37,3.5,1.6,1.4,FALSE
2,16,897,かき玉汁,,1.3,1.9,150,,47,3.6,2.6,1.1,FALSE
2,16,898,つみれ汁,,2,3.9,200,,61,6.6,2.2,1.7,FALSE
2,16,899,とん汁,,2.1,5.3,250,,95,7.5,4,1.4,FALSE
2,16,900,けんちん汁,,1.1,2.8,250,,136,6.1,10.3,1.1,FALSE
2,16,901,粕汁,,3,8.1,270,,170,17.4,4.7,1.5,FALSE
2,16,902,すまし汁,,0.4,0.6,150,,4,0.6,0,1.1,FALSE
2,16,903,はまぐりの潮汁,,0.6,0.9,150,,12,1.8,0.1,1.4,FALSE
2,16,904,ガスパチョ,,4.1,8.1,200,,110,1.6,7.4,0.8,FALSE
2,16,905,コーンスープ,,8,16,200,,145,5.9,6,1.4,FALSE
2,16,906,かぼちゃのポタージュ,,6.5,13,200,,159,4.6,9,0.6,FALSE
2,16,907,クラムチャウダー,,4.5,14.4,320,,195,6.8,11.6,2.1,FALSE
2,16,908,ミネストローネ,,5.6,15,270,,116,3.3,3.9,1.4,FALSE
2,16,909,コンソメスープ,,1.5,2.5,170,,14,0.4,0.1,1.2,FALSE
2,16,910,オニオングラタンスープ,,11.3,19.4,172,,280,7.8,6.4,2,FALSE
2,16,911,わかめスープ,,0.1,0.1,155,,8,1.4,0.2,1,FALSE
2,16,912,卵スープ,,0.1,0.1,175,,21,2.6,1.1,1.3,FALSE
2,16,913,ワンタンスープ,,0.1,0.1,155,,8,1.4,0.2,1,FALSE
2,16,914,フカヒレスープ,,0.9,2.1,240,,48,7.2,0.5,2.5,FALSE
3,17,496,柿の種,,87.3,87.3,100,,387,6.2,1.4,0.6,FALSE
3,17,497,するめ,,34.7,5.2,15,,84,13.7,0.9,2.1,FALSE
3,17,498,茎わかめ,,23.3,3.5,15,,13,0.3,0,0.9,FALSE
3,17,499,ミックスナッツ（チャック付）,,17,17,100,,621,19.6,51.2,0.4,FALSE
3,17,500,ピスタチオ,,8.3,2.9,35,,108,3.6,8.7,0.2,FALSE
3,17,501,素焼きアーモンド＆小魚（チャック付）,,12.2,6.1,50,,264,16.5,18.7,1.1,FALSE
3,17,502,APジャイアントコーン,,67.2,16.8,25,,110,1.4,3.6,0.4,TRUE
3,18,503,カマンベールチーズ,,0.7,0.1,15,,46.5,2.9,3.7,0.3,FALSE
3,18,504,パルメザンチーズ,,1.7,0.1,6,,28.5,2.6,1.8,0.2,FALSE
3,18,505,ブルーチーズ,,1.2,0.3,25,,87.3,4.7,7.3,1,FALSE
3,18,506,プロセスチーズ,,1.5,0.3,20,,67.8,4.5,5.2,0.6,FALSE
3,18,507,ゴーダチーズ,,1.6,0.4,25,,95,6.5,7.3,0.5,FALSE
3,18,508,チェダーチーズ,,1.6,0.4,25,,105.8,6.4,8.5,0.5,FALSE
3,18,509,クリームチーズ,,2.5,0.5,20,,69.2,1.6,6.6,0.1,FALSE
3,18,510,ゴートチーズ,,2.8,0.7,25,,74,5.2,5.4,0.3,FALSE
3,18,511,カッテージチーズ,,2,1,50,,52.5,6.7,2.3,0.5,FALSE
3,18,512,モッツァレラチーズ,,4.4,1.1,25,,69,4.6,5,0.1,FALSE
3,18,513,リコッタチーズ,,6.8,1.7,25,,40.5,1.8,2.9,0.1,FALSE
3,19,514,いわし缶詰（味つけ）,,5.7,5.7,100,,212,20.4,11.9,1.4,FALSE
3,19,515,いわし缶詰（油漬け）,,0.3,0.2,70,,251,14.2,21.5,0.6,FALSE
3,19,516,いわし缶詰（かば焼き）,,9.3,9.3,100,,242,16.2,15.6,1.5,FALSE
3,19,517,かつお缶詰（油漬けフレーク）,,0.1,0.1,80,,234,15,19.4,0.7,FALSE
3,19,518,さけ缶詰（水煮）,,0.1,0.2,180,,281,37.3,13,1.6,FALSE
3,19,519,さば缶詰（水煮）,,0.2,0.3,160,,304,33.4,17.1,1.4,FALSE
3,19,520,さば缶詰（みそ煮）,,6.6,12.5,190,,412,31,26.4,2.1,FALSE
3,19,521,さんま缶詰（味つけ）,,5.6,9,160,,429,30.2,30.2,2.2,FALSE
3,19,522,さんま缶詰（かば焼き）,,9.7,9.7,100,,225,17.4,13,1.5,FALSE
3,19,523,まぐろ缶詰（油漬けフレークライト）,,0.1,0.1,80,,214,14.2,17.4,0.7,FALSE
3,19,524,あさり缶詰（水煮）,,1.9,1.9,100,,114,20.3,2.2,1,FALSE
3,19,525,ずわいがに缶詰（水煮）,,0.2,0.1,55,,40,9,0.2,0.9,FALSE
3,19,526,いか缶詰（味つけ）,,7.7,11.9,155,,206,33.2,2.8,2.8,FALSE
3,19,527,コンビーフ缶詰,,1.7,1.7,100,,203,19.8,13,1.8,FALSE
3,19,528,焼き鳥缶詰,,8.2,7,85,,150,15.6,6.6,1.9,FALSE
3,20,529,カップラーメン,,67.2,43.7,65,,358,8.6,15.8,5.5,FALSE
3,20,530,カップ焼きそば,,71.9,71.9,100,,562,10.8,24.4,4.9,FALSE
3,20,531,カップうどん,,70,52.5,75,,433,10.5,19.3,6.6,FALSE
3,20,532,カップスパゲッティ,,34.9,59.4,170,,475,17.4,11.6,3.5,FALSE
3,20,533,カップそば,,72.9,54.7,75,,451,10.9,20.1,6.9,FALSE
3,20,534,レトルトカレー（ごはん付き）,,25.5,107.2,420,,636,12.6,15.3,3.1,FALSE
3,21,535,冷凍ぎょうざ,,23.8,11.9,50,,99,3.6,4.1,0.6,FALSE
3,21,536,冷凍えびグラタン,,13.4,22.7,170,,239,11,10.3,2,FALSE
3,21,537,冷凍クリームコロッケ,,20.9,9.4,45,,72,2.1,2.8,0.3,FALSE
3,21,538,冷凍ポテトコロッケ,,25.2,16.4,65,,107,3,3.2,0.5,FALSE
3,21,539,冷凍イカフライ,,21.4,10.7,50,,73,5.3,1,0.4,FALSE
3,21,540,冷凍えびフライ,,20.3,12.2,60,,83,6.1,1.1,0.5,FALSE
3,21,541,冷凍白身フライ,,19.4,9.7,50,,74,5.8,1.4,0.5,FALSE
3,21,542,冷凍しゅうまい,,19.3,5.8,30,,65,2.8,3.4,0.4,FALSE
3,21,543,冷凍ハンバーグ,,12.4,6.8,55,,123,7.3,7.4,0.7,FALSE
3,21,544,冷凍えびピラフ,,28.3,65.2,230,,352,9.2,4.4,2.1,FALSE
3,21,545,冷凍ミートボール,,12.5,7.5,60,,146,7,9.8,0.8,FALSE
3,21,546,冷凍メンチカツ,,23,23,100,,196,9.9,7.2,1.1,FALSE
3,21,547,冷凍焼きおにぎり,,37.9,37.9,100,,178,3.2,0.3,1.3,FALSE
3,21,548,冷凍五目チャーハン,,23.2,58,250,,406,12.1,11.9,2.3,FALSE
3,21,549,冷凍えびドリア,,17.7,35.3,200,,263,9.5,8.2,1.4,FALSE
3,22,550,あんまん,,48.5,53.4,110,,308,6.7,6.3,0,FALSE
3,22,551,肉まん,,40.3,44.3,110,,286,11,5.6,1.3,FALSE
3,22,552,揚げパン,,41.7,41.7,100,,377,8.7,18.7,1.1,FALSE
3,22,553,あんパン,,47.5,47.5,100,,280,7.9,5.3,0.7,FALSE
3,22,554,カレーパン,,30.7,30.7,100,,321,6.6,18.3,1.2,FALSE
3,22,555,クリームパン,,40.2,40.2,100,,305,10.3,10.9,0.9,FALSE
3,22,556,ジャムパン,,52.8,42.2,80,,238,5.3,4.6,0.6,FALSE
3,22,557,チョコパン,,41.5,35.3,85,,286,6,13,0.8,FALSE
3,22,558,メロンパン,,58.2,58.2,100,,366,8,10.5,0.5,FALSE
3,22,559,コロッケパン,,29.6,35.5,120,,281,6.5,12.1,1.2,FALSE
3,22,560,焼きそばパン,,44.8,35.8,80,,263,6.9,8.9,1.2,FALSE
3,22,561,サンドイッチ（ハム）,,46.8,18.7,40,,236,10.6,12.7,1.7,FALSE
3,22,562,サンドイッチ（卵）,,45.3,18.1,40,,270,10.5,16.4,1.2,FALSE
3,22,563,サンドイッチ（ツナ）,,45.5,18.2,40,,303,11.2,20.1,1.4,FALSE
3,22,564,サンドイッチ（チーズ）,,46.5,18.6,40,,248,10.5,13.9,1.6,FALSE
3,22,565,おにぎり（さけ）,,36.9,36.9,100,,188,5.9,1,0.2,FALSE
3,22,566,おにぎり（こんぶ）,,39,39,100,,183,3.4,0.4,0.8,FALSE
3,22,567,おにぎり（ツナマヨネーズ）,,36.9,36.9,100,,213,4.8,4.3,0.4,FALSE
3,22,568,おにぎり（梅干し）,,38.7,38.7,100,,179,3.1,0.4,1,FALSE
3,22,569,おにぎり（明太子）,,37.2,37.2,100,,182,5,0.7,0.8,FALSE
3,22,570,おにぎり（おかか）,,37.9,37.9,100,,177,3.5,0.4,0.5,FALSE
3,22,571,おにぎり（高菜）,,37.1,37.1,100,,173,3.2,0.4,0.8,FALSE
3,22,572,おにぎり（鶏五目）,,30.2,30.2,100,,154,4.5,0.8,0.4,FALSE
3,23,573,甘納豆,,62,18.6,30,,91,1.7,0.3,0.1,FALSE
3,23,574,カステラ,,62.6,31.3,50,,160,3.1,2.3,0.1,FALSE
3,23,575,草もち,,50.1,65.1,130,,298,5.5,0.5,0,FALSE
3,23,576,串団子（あん）,,44.3,31,70,,141,2.7,0.3,0.1,FALSE
3,23,577,串団子（みたらし）,,44.8,26.9,60,,118,1.9,0.2,0.4,FALSE
3,23,578,桜もち,,44.4,22.2,50,,100,1.7,0.1,0.1,FALSE
3,23,579,大福,,50.3,35.2,70,,165,3.4,0.4,0.1,FALSE
3,23,580,どら焼き,,55.7,33.4,60,,170,4,1.5,0.2,FALSE
3,23,581,生八つ橋（あん入り）,,61.4,30.7,50,,140,2.3,0.2,0,FALSE
3,23,582,まんじゅう,,60.3,21.1,35,,103,2.3,0.6,0,FALSE
3,23,583,もなか,,62.5,25,40,,114,1.9,0.2,0,FALSE
3,23,584,ようかん,,37.8,18.9,50,,86,1.3,0.1,0.1,FALSE
3,23,585,ぜんざい,,29.8,59.5,200,,281,5.3,0.6,0.2,FALSE
3,23,586,たい焼き,,46.6,39.6,85,,188,3.8,0.9,0.1,FALSE
3,23,587,わらびもち,,26.2,39.3,150,,196,3.7,2.6,0.2,FALSE
3,23,588,フルーツみつ豆,,14.9,29.7,200,,124,0.7,0.1,0,FALSE
3,23,589,杏仁豆腐,,11.3,22.6,200,,210,3.5,11.8,0.2,FALSE
3,23,590,干しいも,,66,19.8,30,,91,0.9,0.2,0,FALSE
3,23,591,スイートポテト,,40.7,18.3,45,,121,1.3,3.9,0.3,FALSE
3,23,592,シュークリーム,,25.3,25.3,100,,228,6,11.3,0.2,FALSE
3,23,593,ショートケーキ,,43,47.3,110,,360,7.8,15.2,0.2,FALSE
3,23,594,フルーツタルト,,30.1,60.2,200,,599,7.9,35.5,0.3,FALSE
3,23,595,チーズケーキ,,15.1,15.1,100,,272,6.2,20.3,0.4,FALSE
3,23,596,レアチーズケーキ,,22.2,13.3,60,,218,3.5,16.8,0.3,FALSE
3,23,597,ドーナツ,,42.4,21.2,50,,193,3.6,10.1,0.4,FALSE
3,23,598,アップルパイ,,31.4,25.1,80,,243,3.2,14,0.6,FALSE
3,23,599,ワッフル,,38,15.2,40,,101,2.9,3.2,0.1,FALSE
3,23,600,バウムクーヘン,,48.6,34,70,,315,4.9,17.3,0.1,FALSE
3,23,601,ロールケーキ,,11.2,7.6,68,,140,3.5,10.5,0.2,FALSE
3,23,602,モンブラン,,66.6,46.6,70,,338,3.5,14.5,0.2,FALSE
3,23,603,チョコケーキ,,46.3,50.9,110,,498,10.5,28,0.4,FALSE
3,24,604,アイスクリーム,,22.2,22.2,100,,224,3.1,13.6,0.2,FALSE
3,24,605,ソフトクリーム,,20.1,24.1,120,,175,4.6,6.7,0.2,FALSE
3,24,606,ティラミス,,16.9,15.2,90,,208,5.4,14.2,0.2,FALSE
3,24,607,かりんとう（黒）,,75,22.5,30,,132,2.3,3.5,0,FALSE
3,24,608,せんべい,,82,12.3,15,,56,1.2,0.2,0.3,FALSE
3,24,609,あられ,,82.7,12.4,15,,57,1.2,0.2,0.3,FALSE
3,24,610,プリン,,14.7,16.2,110,,139,6.1,5.5,0.2,FALSE
3,24,611,ゼリー,,19.6,15.7,80,,71,1.7,0.1,0,FALSE
3,24,612,チョコレートパフェ,,29.5,58.9,200,,477,8.3,23,0.9,FALSE
3,24,613,プレーンクラッカー,,72,10.8,15,,64,1.6,1.5,0.3,FALSE
3,24,614,ビスケット,,75.5,15.1,20,,86,1.5,2,0.2,FALSE
3,24,615,クッキー,,61.3,18.4,30,,157,1.7,8.3,0.2,FALSE
3,24,616,チョコクッキー,,60.3,21.1,35,,179,2.5,8.9,0.1,FALSE
3,24,617,チョコプレッツェル,,68.6,34.3,50,,247,4.5,10.1,0.3,FALSE
3,24,618,コーンスナック,,64.5,12.9,20,,105,1,5.4,0.2,FALSE
3,24,619,ポテトチップス,,50.7,7.6,15,,83,0.7,5.3,0.2,FALSE
3,24,620,キャラメル,,78,3.9,5,,22,0.2,0.6,0,FALSE
3,24,621,ゼリービーンズ,,89.3,26.8,30,,109,0,0,0,FALSE
3,24,622,ドロップ,,98,9.8,10,,39,0,0,0,FALSE
3,24,623,チョコレート,,52,10.4,20,,112,1.4,6.8,0,FALSE
3,24,624,チューインガム,,96.7,2.9,3,,12,0,0,0,FALSE
3,24,625,チューインガム（糖衣）,,97.5,3.9,4,,16,0,0,0,FALSE
4,25,915,ピザ(魚介系),,34,74.8,220,,596,35,13.3,3.4,FALSE
4,25,916,ピザ(肉系),,42.1,75.8,180,,665,26.5,24.7,4.1,FALSE
4,25,917,ライスバーガー,,31,77.4,250,,523,15.4,13.7,0.9,FALSE
4,25,918,フランクフルト,,6.2,3.1,50,,158,6.4,13.4,1,FALSE
4,25,919,アメリカンドッグ,,27.9,22.3,80,,283,6.5,17.9,0.8,FALSE
4,26,920,チョコバナナクレープ,,20.5,41,200,,540,10.8,36.4,0.6,FALSE
4,26,921,いちごクレープ,,15.5,32.6,210,,474,10.2,33,0.6,FALSE
4,26,922,ブルーベリークレープ,,19.8,37.7,190,,496,9.9,33,0.6,FALSE
4,26,923,フルーツクレープ,,17.6,43.2,245,,518,10.2,33,0.6,FALSE
4,26,924,ツナサラダクレープ,,12.8,21.1,165,,329,11.2,21.5,0.6,FALSE
4,26,925,ハムエッグクレープ,,10.8,21.5,200,,354,14.8,22,0.9,FALSE
4,26,926,チーズハムクレープ,,14.1,21.2,150,,304,12.6,17.9,1.2,FALSE
4,27,927,のり弁当,,33.2,107.9,325,,685,14.7,18.4,1.2,FALSE
4,27,928,しょうが焼き弁当,,28.2,114.1,405,,837,25.9,26.2,2.6,FALSE
4,27,929,から揚げ弁当,,26.7,115.5,433,,817,28.7,22.3,1.5,FALSE
4,27,930,すき焼き弁当,,28.4,115.9,408,,951,21.9,39.3,1.8,FALSE
4,27,931,焼肉弁当,,27.3,116.7,428,,974,22.1,40.5,2.1,FALSE
4,27,932,さけ弁当,,29.6,122.4,413,,854,30.6,23.3,2.2,FALSE
4,27,933,かきフライ弁当,,30.9,123.4,400,,980,17.8,42.2,3.6,FALSE
4,27,934,えびフライ弁当,,32.3,127,393,,831,16.7,25.6,1.5,FALSE
4,27,935,ロースカツ弁当,,30.8,127,413,,1050,30.4,41.6,2.6,FALSE
4,27,936,ハンバーグ弁当,,32.3,127.1,393,,747,19.5,14.8,3.4,FALSE
4,27,937,幕の内弁当,,29.6,136,460,,871,26.6,19.3,4.6,FALSE
4,28,938,牛タン定食,,19.2,82.1,428,,1079,28.8,65,3.9,FALSE
4,28,939,しょうが焼き定食,,22.8,82.6,363,,680,25.2,23.7,3.5,FALSE
4,28,940,から揚げ定食,,20.1,84.9,422,,664,28.1,19.8,2.4,FALSE
4,28,941,ささみのロールカツ定食,,25,85.9,344,,630,27.6,16.3,3.4,FALSE
4,28,942,ヒレカツ定食,,24.6,90.4,367,,704,35.1,19,2.5,FALSE
4,28,943,チキンカツ定食,,23.8,90.8,382,,786,27.9,30.6,2.6,FALSE
4,28,944,ロースカツ定食,,22.6,90.9,402,,873,29.6,39,2.5,FALSE
4,28,945,ぎょうざ定食,,31.3,93.4,298,,556,13.6,10.8,4.2,FALSE
4,28,946,焼肉定食,,24.4,100.6,412,,1001,24.6,49.1,3.8,FALSE
4,28,947,ハンバーグ定食,,26.6,106.8,402,,933,29.5,38.1,4.8,FALSE
4,28,948,酢豚定食,,29.5,112.3,381,,734,22.7,17.9,6.2,FALSE
4,28,949,焼き魚定食,,27.8,76.9,277,,502,15,12,2.5,FALSE
4,28,950,刺身定食,,25.9,78.6,303,,441,20.1,2.6,2.4,FALSE
4,28,951,マーボー豆腐定食,,22.2,78.6,354,,539,19,13.3,4.8,FALSE
4,28,952,野菜炒め定食,,20.9,81,387,,598,19.2,18.4,3.2,FALSE
4,28,953,かに玉定食,,21.9,81.7,373,,673,23.9,24.2,5,FALSE
4,28,954,さば味噌煮定食,,27.8,83.3,300,,608,24.4,15.2,2.7,FALSE
4,28,955,えびフライ定食,,24.9,85,342,,584,24.4,13.3,2.5,FALSE
4,28,956,八宝菜定食,,23.8,87.4,368,,693,21.9,24.1,4.8,FALSE
4,28,957,春巻き定食,,32.8,96.9,295,,652,16.4,18.4,3.7,FALSE
4,28,958,天ぷら定食,,31.7,108.4,342,,805,23.2,26.1,3.8,FALSE
4,28,959,ミックスフライ定食,,23.9,90,376,,715,27.3,23.8,3.5,FALSE
4,28,960,かきフライ定食,,26.2,90.9,347,,752,16.2,32.6,4.3,FALSE
4,29,961,いかのにぎり寿司,,22.6,15.8,70,,90,4.8,0.4,0.3,FALSE
4,29,962,えびのにぎり寿司,,22.6,15.8,70,,93,5.6,0.3,0.3,FALSE
4,29,963,甘えびのにぎり寿司,,22.6,15.8,70,,91,5.2,0.3,0.4,FALSE
4,29,964,かんぱちのにぎり寿司,,22.6,15.8,70,,100,5.4,1,0.2,FALSE
4,29,965,たこのにぎり寿司,,22.6,15.8,70,,94,5.6,0.3,0.3,FALSE
4,29,966,まぐろのにぎり寿司,,22.6,15.8,70,,99,6.5,0.5,0.2,FALSE
4,29,967,たいのにぎり寿司,,22.6,15.8,70,,109,5.4,2.1,0.2,FALSE
4,29,968,サーモンのにぎり寿司,,22.6,15.8,70,,121,5.2,3.4,0.2,FALSE
4,29,969,いくらの軍艦寿司,,22.7,15.9,70,,129,7.9,3.3,0.7,FALSE
4,29,970,かずのこにぎり寿司,,22.7,15.9,70,,92,4.2,0.8,0.4,FALSE
4,29,971,あじのにぎり寿司,,22.7,15.9,70,,99,5.2,1.1,0.3,FALSE
4,29,972,ねぎとろの軍艦寿司,,22.7,15.9,70,,99,6.6,0.5,0.2,FALSE
4,29,973,あなごのにぎり寿司,,23.6,16.5,70,,116,4.9,2.7,0.5,FALSE
4,29,974,ほたてのにぎり寿司,,23.6,16.5,70,,91,4.6,0.3,0.3,FALSE
4,29,975,納豆の軍艦寿司,,24.1,16.9,70,,114,4.7,2.2,0.2,FALSE
4,29,976,ウニの軍艦寿司,,27.1,19,70,,111,4.8,1.4,1.9,FALSE
4,29,977,カッパ巻き寿司,,24.9,19.4,78,,93,2.1,0.3,0.3,FALSE
4,29,978,たまごのにぎり寿司,,17.8,19.6,110,,164,7.7,5.6,0.9,FALSE
4,29,979,いなり寿司,,28.5,27.1,95,,252,9.2,11.1,0.8,FALSE
4,29,980,鱒寿司,,29.9,43.4,145,,269,8.9,5.2,1,FALSE
4,29,981,柿の葉寿司,,30.1,45.2,150,,272,8.7,4.7,0.7,FALSE
4,29,982,ちらし寿司,,26.3,63.3,241,,379,14.3,5.6,1.8,FALSE
4,29,983,バッテラ寿司,,23,73.1,318,,642,30.6,21.6,3.9,FALSE
4,30,984,とりもも串(塩),,0,0,25,,60,6.6,3.5,0.4,FALSE
4,30,985,とりもも（たれ）,,4.6,1.6,35,,69,6.8,3.5,0.4,FALSE
4,30,986,ねぎま串(たれ),,11,2.2,20,,60,5.6,2.8,0.4,FALSE
4,30,987,つくね串(たれ),,24.3,9.7,40,,269,20.8,13.7,2.3,FALSE
4,30,988,とり皮串(たれ),,4.3,1.3,30,,160,2.1,15.5,0.3,FALSE
4,30,989,ささみ串(たれ),,4.7,1.4,30,,45,8.4,0.4,0.3,FALSE
4,30,990,レバー串(たれ),,5,1.5,30,,40,5.8,0.9,0.3,FALSE
4,30,991,なんこつ串,,0.3,0.1,30,,16,3.8,0.1,0.6,FALSE
4,30,992,ずり(砂肝)串,,0,0,30,,28,5.5,0.5,0.3,FALSE
4,30,993,ハツ串,,0,0,30,,62,4.4,4.7,0.4,FALSE
4,30,994,豚ばら串,,0,0,30,,130,4,12,0.3,FALSE
4,30,995,牛串,,0.3,0.1,40,,127,6.5,10.6,0.4,FALSE
4,30,996,ししとう串,,2,0.3,15,,4,0.3,0.1,0.2,FALSE
4,30,997,しいたけ串,,1.7,0.5,30,,6,1,0.1,0.3,FALSE
4,31,998,おでんのだいこん,,4.5,4.5,100,,28,0.9,0.1,0.9,FALSE
4,31,999,おでんのこんにゃく,,1.8,1.1,60,,9,0.4,0,0.6,FALSE
4,31,1000,おでんのたまご,,2,1,50,,81,6.4,5.2,0.7,FALSE
4,31,1001,おでんのもち入り巾着,,53.5,10.7,20,,113,4.5,5.3,0.3,FALSE
4,31,1002,おでんの昆布,,40,2.4,6,,10,0.6,0.1,0.6,FALSE
4,31,1003,おでんのさつま揚げ,,15.8,9.5,60,,90,7.9,2.2,2.1,FALSE
4,31,1004,おでんのはんぺん,,13.4,13.4,100,,105,10.6,1,3.1,FALSE
4,31,1005,おでんのちくわ,,15.4,7.7,50,,66,6.4,1,1.9,FALSE
4,31,1006,おでんのごぼう天,,15.4,12.3,80,,113,9.5,2.6,2.6,FALSE
4,31,1007,おでんのたこ,,1.9,1.3,70,,76,15.6,0.5,1.1,FALSE
4,31,1008,おでんのつみれ,,8.5,8.5,100,,124,12.7,4.3,3,FALSE
4,31,1009,おでんのがんもどき,,1.9,1.9,100,,238,15.8,17.8,1.4,FALSE
4,31,1010,おでんのじゃがいも,,18,18,100,,86,2.1,0.1,0.9,FALSE
4,31,1011,おでんの牛すじ,,1.8,0.7,40,,66,11.5,2,0.5,FALSE
4,31,1012,おでんのロールキャベツ,,16.9,5.9,35,,132,7.8,7.7,1.3,FALSE
4,32,1013,ハラミ,,0,0,150,,514,19.9,45.6,0,FALSE
4,32,1014,ミノ,,0,0,100,,183,24.6,8.4,0.1,FALSE
4,32,1015,鶏肉(焼肉用),,0.1,0.1,120,,246,20,17.1,0.2,FALSE
4,32,1016,豚トロ,,0.1,0.1,90,,231,16,17.4,0.1,FALSE
4,32,1017,ホルモン,,0.1,0.1,100,,163,9.4,13,0.2,FALSE
4,32,1018,タン,,0.2,0.2,90,,321,12,28.6,0.2,FALSE
4,32,1019,カルビ,,0.3,0.3,90,,384,11.6,35.5,0.1,FALSE
4,32,1020,ロース,,0.3,0.3,105,,430,14.9,39,0.1,FALSE
4,32,1021,ユッケ,,2.6,3.1,117,,279,24.5,16.7,0.7,FALSE
4,32,1022,韓国風冷麺,,18.2,41.8,230,,384,8.3,18.5,4,FALSE
4,32,1023,ビビンバ,,23.5,98.3,418,,506,10.6,3.9,2.4,FALSE
4,33,1024,いかの天ぷら,,12,2.4,20,,65,4.1,4,0.1,FALSE
4,33,1025,たまねぎの天ぷら,,9,2.7,30,,48,0.4,3.7,0,FALSE
4,33,1026,ほたての天ぷら,,14,2.8,20,,53,3.8,2.7,0.1,FALSE
4,33,1027,白身魚の天ぷら,,15,3,20,,68,4.3,4,0.1,FALSE
4,33,1028,あなごの天ぷら,,15,3,20,,84,4.1,5.8,0.1,FALSE
4,33,1029,えびの天ぷら,,11,4.4,40,,103,8.3,5.4,0.2,FALSE
4,33,1030,ちくわの天ぷら,,19.6,4.9,25,,67,3.4,3.7,0.5,FALSE
4,33,1031,かぼちゃの天ぷら,,28.5,5.7,20,,66,0.9,3.9,0,FALSE
4,33,1032,たこの天ぷら,,12.4,6.2,50,,170,12.2,10,0.3,FALSE
4,33,1033,かき揚げの天ぷら,,26.6,16.5,62,,256,5.9,17.1,0.1,FALSE
4,33,1034,もずくの天ぷら,,24.4,19.5,80,,312,3.7,22.6,0.8,FALSE
4,34,1035,牛肉串揚げ,,11.7,3.5,30,,118,7.3,7.8,0.2,FALSE
4,34,1036,豚肉串揚げ,,11.3,3.4,30,,93,7.8,5,0.2,FALSE
4,34,1037,ささみ串揚げ,,11,2.2,20,,61,5.3,3.1,0.2,FALSE
4,34,1038,アスパラベーコン串揚げ,,10.8,2.7,25,,126,3,11.2,0.4,FALSE
4,34,1039,ほたて串揚げ,,10,2,20,,57,3.8,3.6,0.2,FALSE
4,34,1040,えび串揚げ,,8,1.6,20,,52,4.2,2.9,0.2,FALSE
4,34,1041,かに爪串揚げ,,6.4,1.6,25,,58,4,3.7,0.4,FALSE
4,34,1042,うずら卵串揚げ,,6.3,1.9,30,,115,4.4,9.5,0.1,FALSE
4,34,1043,きす串揚げ,,10,2.5,25,,60,5.3,2.9,0.2,FALSE
5,35,1044,トマトジュース,,3.3,6.6,200,,34,1.4,0.2,0.6,FALSE
5,35,1045,オレンジストレートジュース,,10.6,21.2,200,,82,1,0.2,0,FALSE
5,35,1046,グレープフルーツストレートジュース,,10.2,20.4,200,,80,1.2,0.2,0,FALSE
5,35,1047,りんごストレートジュース,,11.8,23.6,200,,88,0.4,0.2,0,FALSE
5,35,1048,乳酸菌飲料,,16.5,10.7,65,,46,0.7,0.1,0,FALSE
5,35,1049,緑茶,,0.2,0.2,100,,2,0.2,0,0,FALSE
5,35,1050,ほうじ茶,,0.1,0.2,200,,0,0,0,0,FALSE
5,35,1051,玄米茶,,0,0,100,,0,0,0,0,FALSE
5,35,1052,ウーロン茶,,0.1,0.2,200,,0,0,0,0,FALSE
5,35,1053,コーヒー(無糖),,0.7,1.1,150,,6,0.3,0,0,FALSE
5,35,1054,紅茶(ストレート),,0.1,0.2,150,,2,0.2,0,0,FALSE
5,35,1055,ココア,,7.1,10.7,150,,100,4.2,4.9,0.1,FALSE
5,35,1056,青汁,,42.2,42.2,100,,375,13.8,4.4,0.6,FALSE
5,35,1057,スポーツドリンク,,5.1,10.2,200,,42,0,0,0.2,FALSE
5,35,1058,コーラ,,11.4,22.8,200,,92,0.2,0,0,FALSE
5,35,1059,サイダー,,10.2,20.4,200,,82,0,0,0,FALSE
5,35,1060,ビール風味炭酸飲料,,1.2,2.4,200,,10,0.2,0,0,FALSE
5,35,1061,麦茶,,0.3,0.6,200,,2,0,0,0,FALSE
5,36,1062,日本酒,,4.5,8.1,180,,193,0.7,0,0,FALSE
5,36,1063,ビール,,3.1,6.2,200,,80,0.6,0,0,FALSE
5,36,1064,黒ビール,,3.4,6.8,200,,92,0.8,0,0,FALSE
5,36,1065,白ワイン,,2,2,100,,73,0.1,0,0,FALSE
5,36,1066,赤ワイン,,1.5,1.5,100,,73,0.2,0,0,FALSE
5,36,1067,ロゼワイン,,4,4,100,,77,0.1,0,0,FALSE
5,36,1068,紹興酒,,26.8,40.2,150,,273,0,0,0,FALSE
5,36,1069,焼酎(ロック),,0,0,60,,88,0,0,0,FALSE
5,36,1070,ウイスキー,,0,0,60,,142,0,0,0,FALSE
5,36,1071,ブランデー,,0,0,60,,142,0,0,0,FALSE
5,36,1072,ウォッカ,,0,0,150,,360,0,0,0,FALSE
5,36,1073,梅酒(ロック),,20.7,12.4,60,,94,0.1,0,0,FALSE
5,36,1074,酎ハイ,,0.2,0.4,200,,89,0,0,0,FALSE
5,36,1075,甘酒,,17.9,26.9,150,,122,2.6,0.2,0.3,FALSE
6,37,1076,雪印6Pチーズ,,1.1,0.2,18,,59,3.7,4.7,0.5,FALSE
6,37,1077,雪印アーモンド入りベビーチーズ,,1.7,0.2,12,,40,2.2,3.4,0.3,FALSE
6,37,1078,雪印くちどけスモークチーズ,,2.3,2.3,100,,349,19.8,28.9,3,FALSE
6,37,1079,雪印北海道100さけるチーズプレーン,,2.8,0.7,25,,80,6.8,5.7,0.5,FALSE
6,37,1080,雪印北海道100さけるチーズとうがらし味,,2.8,0.7,25,,80,6.8,5.7,0.5,FALSE
6,37,1081,雪印スライスチーズ,,1.7,0.3,18,,59,3.8,4.8,0.5,FALSE
6,37,1082,雪印とろけるナチュラルチーズ,,0.3,0.3,100,,368,26.7,28.9,1.7,FALSE
6,37,1083,雪印クリームチーズ,,3.1,3.1,100,,341,9.2,32.5,0.8,FALSE
6,37,1084,雪印北海道コンデンスミルク,,55.5,55.5,100,,328,7.9,8.3,0.2,FALSE
6,37,1085,雪印北海道カッテージチーズ,,1.5,1.5,100,,112,17.6,4,1,FALSE
6,37,1086,雪印北海道100粉チーズ芳醇,,4,0.2,5,,25,1.9,1.9,0.3,FALSE
6,37,1087,雪印恵megumiがゼリ菌SP株ヨーグルト,,4.8,4.8,100,,35,3.7,0,0.1,FALSE
6,37,1088,雪印ナチュレ恵,,5.2,5.2,100,,63,3.6,3.1,0.1,FALSE
6,37,1089,雪印牧場の朝ヨーグルト生乳仕立て,,14.6,10.2,70,,64,2.5,1.5,0.1,FALSE
6,38,1090,フジッコ朝のたべるスープかぼちゃのチャウダー,,10.7,21.4,200,,176,4.4,7,1.8,FALSE
6,38,1091,フジッコ朝のたべるスープミネストローネ,,9.3,18.6,200,,123,4.4,2,1.7,FALSE
6,38,1092,フジッコ朝のたべるスープコーンチャウダー,,10,20,200,,171,5.4,6.6,1.8,FALSE
6,38,1093,フジッコ朝のたべるスープ3種のきのこチャウダー,,7.6,13.7,180,,109,4.1,3.6,1.4,FALSE
6,38,1094,フジッコ朝のたべるスープじゃがいものチャウダー,,7.9,15.8,200,,145,6,5.2,1.4,FALSE
6,39,1095,グリコ野菜たっぷり塩焼きそば,,8.6,22.1,257,,216,13.4,5.4,3.2,FALSE
6,39,1096,グリコ野菜たっぷり麺醤油味,,9.5,26.5,280,,216,15,3.1,4.8,FALSE
6,39,1097,グリコ野菜たっぷり麺とんこつ醤油味,,8.2,23,280,,252,15.4,8.4,6.8,FALSE
6,39,1098,グリコ野菜たっぷり麺旨辛ごま味,,8.6,24,280,,253,16.4,7.5,7.4,FALSE
6,40,1099,大塚製薬カロリーメイトチーズ味,,50.9,40.7,80,,400,8.4,22.2,0.9,FALSE
6,40,1100,大塚製薬カロリーメイトチョコレート味,,50,40,80,,400,8.7,22.4,0.8,FALSE
6,40,1101,大塚製薬カロリーメイトメープル味,,50.4,40.3,80,,400,8.1,22.6,0.8,FALSE
6,40,1102,大塚製薬カロリーメイトゼリーアップル味,,14.5,31.2,215,,200,8.2,4.4,0.1,FALSE
6,40,1103,大塚製薬SOYJOY3種のレーズン,,36,10.8,30,,133,4.6,7.3,0.2,FALSE
6,40,1104,大塚製薬SOYJOYピーナッツ,,22.3,6.7,30,,144,6.5,9.5,0.2,FALSE
6,40,1105,大塚製薬SOYJOYストロベリー,,35.7,10.7,30,,133,4.3,7.3,0.2,FALSE
6,41,1106,マクドナルドハンバーガー,,26.5,28.6,108,,260,13.3,9.6,1.9,FALSE
6,41,1107,マクドナルドチーズバーガー,,23.9,29.1,122,,310,16.2,13.5,2.4,FALSE
6,41,1108,マクドナルドチキンクリスプ,,27.8,35.6,128,,358,12.8,17.4,2,FALSE
6,41,1109,マクドナルドエッグチーズバーガー,,16.9,29.3,173,,390,22.7,19,2.5,FALSE
6,41,1110,マクドナルドフィレオフィッシュ,,25.2,35,139,,341,15.6,14.6,1.4,FALSE
6,41,1111,マクドナルドえびフィレオ,,24.3,43.5,179,,391,12.5,17.6,2.2,FALSE
6,41,1112,マクドナルドてりやきマックバーガー,,24,39.3,164,,519,15.4,32.7,2,FALSE
6,41,1113,マクドナルドダブルチーズバーガー,,16.6,29.6,178,,463,27.4,25.2,3.8,FALSE
6,41,1114,マクドナルドビッグマック,,17.3,39,225,,530,27.1,28.2,3.4,FALSE
6,41,1115,マクドナルドソーセージマフィン,,22.3,24.7,111,,388,15.1,24.6,1.8,FALSE
6,41,1116,マクドナルドマックグリドルベーコンエッグ,,24.6,40.6,165,,396,15.7,18.1,2.6,FALSE
6,41,1117,マクドナルドマックフライポテト,,36.1,48.8,135,,454,5.3,24.2,0.6,FALSE
6,41,1118,マクドナルドチキンマックナゲット(バーベキューソース),,16.5,19.8,120,,313,14.6,19,1.7,FALSE
6,41,1119,マクドナルドシャカチキチェダーチーズ,,18.6,17.9,96,,235,15.2,11,2,FALSE
6,41,1120,マクドナルドホットアップルパイ,,31.5,25.5,81,,211,1.7,10.9,0.6,FALSE